*** Creating network
*** Adding controller
*** Adding hosts:
h0 h1 h2 h3 h4 h5 h6 h7 
*** Adding switches:
s0 s1 s2 s3 s4 s5 s6 s7 s8 s9 s10 s11 s12 s13 s14 s15 s16 s17 s18 s19 
*** Adding links:
(h0, s2) (h0, s10) (h0, s13) (h0, s14) (h1, s3) (h1, s4) (h1, s6) (h1, s8) (h1, s13) (h1, s17) (h2, s1) (h2, s9) (h2, s17) (h2, s18) (h2, s19) (h3, s1) (h3, s5) (h3, s6) (h3, s11) (h3, s12) (h4, s3) (h4, s7) (h4, s11) (h4, s14) (h4, s15) (h4, s18) (h5, s0) (h5, s4) (h5, s5) (h5, s10) (h5, s16) (h6, s2) (h6, s8) (h6, s9) (h6, s15) (h6, s16) (h7, s0) (h7, s7) (h7, s12) (h7, s19) 
*** Configuring hosts
h0 h1 h2 h3 h4 h5 h6 h7 
*** Starting controller
c0 
*** Starting 20 switches
s0 s1 s2 s3 s4 s5 s6 s7 s8 s9 s10 s11 s12 s13 s14 s15 s16 s17 s18 s19 ...
*** Waiting for switches to connect
s0 s1 s2 s3 s4 s5 s6 s7 s8 s9 s10 s11 s12 s13 s14 s15 s16 s17 s18 s19 
h0-eth0: flags=4163<UP,BROADCAST,RUNNING,MULTICAST>  mtu 1500
        inet 192.168.3.1  netmask 255.255.255.0  broadcast 192.168.3.255
        inet6 fe80::94f4:aeff:febf:c836  prefixlen 64  scopeid 0x20<link>
        ether 96:f4:ae:bf:c8:36  txqueuelen 1000  (Ethernet)
        RX packets 18  bytes 2427 (2.4 KB)
        RX errors 0  dropped 0  overruns 0  frame 0
        TX packets 7  bytes 586 (586.0 B)
        TX errors 0  dropped 0 overruns 0  carrier 0  collisions 0

h0-eth1: flags=4163<UP,BROADCAST,RUNNING,MULTICAST>  mtu 1500
        inet 192.168.11.1  netmask 255.255.255.0  broadcast 192.168.11.255
        inet6 fe80::a407:ceff:fe1f:8ab4  prefixlen 64  scopeid 0x20<link>
        ether a6:07:ce:1f:8a:b4  txqueuelen 1000  (Ethernet)
        RX packets 17  bytes 2213 (2.2 KB)
        RX errors 0  dropped 0  overruns 0  frame 0
        TX packets 7  bytes 586 (586.0 B)
        TX errors 0  dropped 0 overruns 0  carrier 0  collisions 0

h0-eth2: flags=4163<UP,BROADCAST,RUNNING,MULTICAST>  mtu 1500
        inet 192.168.14.1  netmask 255.255.255.0  broadcast 192.168.14.255
        inet6 fe80::2826:d3ff:fe59:eec6  prefixlen 64  scopeid 0x20<link>
        ether 2a:26:d3:59:ee:c6  txqueuelen 1000  (Ethernet)
        RX packets 16  bytes 2143 (2.1 KB)
        RX errors 0  dropped 0  overruns 0  frame 0
        TX packets 7  bytes 586 (586.0 B)
        TX errors 0  dropped 0 overruns 0  carrier 0  collisions 0

h0-eth3: flags=4163<UP,BROADCAST,RUNNING,MULTICAST>  mtu 1500
        inet 192.168.15.1  netmask 255.255.255.0  broadcast 192.168.15.255
        inet6 fe80::f8a9:5ff:fe09:232c  prefixlen 64  scopeid 0x20<link>
        ether fa:a9:05:09:23:2c  txqueuelen 1000  (Ethernet)
        RX packets 18  bytes 2427 (2.4 KB)
        RX errors 0  dropped 0  overruns 0  frame 0
        TX packets 6  bytes 516 (516.0 B)
        TX errors 0  dropped 0 overruns 0  carrier 0  collisions 0

lo: flags=73<UP,LOOPBACK,RUNNING>  mtu 65536
        inet 127.0.0.1  netmask 255.0.0.0
        inet6 ::1  prefixlen 128  scopeid 0x10<host>
        loop  txqueuelen 1000  (Local Loopback)
        RX packets 0  bytes 0 (0.0 B)
        RX errors 0  dropped 0  overruns 0  frame 0
        TX packets 0  bytes 0 (0.0 B)
        TX errors 0  dropped 0 overruns 0  carrier 0  collisions 0

h1-eth0: flags=4163<UP,BROADCAST,RUNNING,MULTICAST>  mtu 1500
        inet 192.168.4.2  netmask 255.255.255.0  broadcast 192.168.4.255
        inet6 fe80::fce8:89ff:fe15:fd11  prefixlen 64  scopeid 0x20<link>
        ether fe:e8:89:15:fd:11  txqueuelen 1000  (Ethernet)
        RX packets 17  bytes 2213 (2.2 KB)
        RX errors 0  dropped 0  overruns 0  frame 0
        TX packets 6  bytes 516 (516.0 B)
        TX errors 0  dropped 0 overruns 0  carrier 0  collisions 0

h1-eth1: flags=4163<UP,BROADCAST,RUNNING,MULTICAST>  mtu 1500
        inet 192.168.5.2  netmask 255.255.255.0  broadcast 192.168.5.255
        inet6 fe80::1066:bff:fe9a:7203  prefixlen 64  scopeid 0x20<link>
        ether 12:66:0b:9a:72:03  txqueuelen 1000  (Ethernet)
        RX packets 18  bytes 2427 (2.4 KB)
        RX errors 0  dropped 0  overruns 0  frame 0
        TX packets 7  bytes 586 (586.0 B)
        TX errors 0  dropped 0 overruns 0  carrier 0  collisions 0

h1-eth2: flags=4163<UP,BROADCAST,RUNNING,MULTICAST>  mtu 1500
        inet 192.168.7.2  netmask 255.255.255.0  broadcast 192.168.7.255
        inet6 fe80::2887:cbff:fe5d:7867  prefixlen 64  scopeid 0x20<link>
        ether 2a:87:cb:5d:78:67  txqueuelen 1000  (Ethernet)
        RX packets 16  bytes 2143 (2.1 KB)
        RX errors 0  dropped 0  overruns 0  frame 0
        TX packets 7  bytes 586 (586.0 B)
        TX errors 0  dropped 0 overruns 0  carrier 0  collisions 0

h1-eth3: flags=4163<UP,BROADCAST,RUNNING,MULTICAST>  mtu 1500
        inet 192.168.9.2  netmask 255.255.255.0  broadcast 192.168.9.255
        inet6 fe80::1c90:9cff:fe66:5ebe  prefixlen 64  scopeid 0x20<link>
        ether 1e:90:9c:66:5e:be  txqueuelen 1000  (Ethernet)
        RX packets 16  bytes 2143 (2.1 KB)
        RX errors 0  dropped 0  overruns 0  frame 0
        TX packets 6  bytes 516 (516.0 B)
        TX errors 0  dropped 0 overruns 0  carrier 0  collisions 0

h1-eth4: flags=4163<UP,BROADCAST,RUNNING,MULTICAST>  mtu 1500
        inet 192.168.14.2  netmask 255.255.255.0  broadcast 192.168.14.255
        inet6 fe80::44e5:dff:fee8:674a  prefixlen 64  scopeid 0x20<link>
        ether 46:e5:0d:e8:67:4a  txqueuelen 1000  (Ethernet)
        RX packets 18  bytes 2427 (2.4 KB)
        RX errors 0  dropped 0  overruns 0  frame 0
        TX packets 6  bytes 516 (516.0 B)
        TX errors 0  dropped 0 overruns 0  carrier 0  collisions 0

h1-eth5: flags=4163<UP,BROADCAST,RUNNING,MULTICAST>  mtu 1500
        inet 192.168.18.2  netmask 255.255.255.0  broadcast 192.168.18.255
        inet6 fe80::f4be:f8ff:fe79:6a00  prefixlen 64  scopeid 0x20<link>
        ether f6:be:f8:79:6a:00  txqueuelen 1000  (Ethernet)
        RX packets 17  bytes 2213 (2.2 KB)
        RX errors 0  dropped 0  overruns 0  frame 0
        TX packets 7  bytes 586 (586.0 B)
        TX errors 0  dropped 0 overruns 0  carrier 0  collisions 0

lo: flags=73<UP,LOOPBACK,RUNNING>  mtu 65536
        inet 127.0.0.1  netmask 255.0.0.0
        inet6 ::1  prefixlen 128  scopeid 0x10<host>
        loop  txqueuelen 1000  (Local Loopback)
        RX packets 0  bytes 0 (0.0 B)
        RX errors 0  dropped 0  overruns 0  frame 0
        TX packets 0  bytes 0 (0.0 B)
        TX errors 0  dropped 0 overruns 0  carrier 0  collisions 0

h2-eth0: flags=4163<UP,BROADCAST,RUNNING,MULTICAST>  mtu 1500
        inet 192.168.2.3  netmask 255.255.255.0  broadcast 192.168.2.255
        inet6 fe80::d44d:90ff:fe5d:c45d  prefixlen 64  scopeid 0x20<link>
        ether d6:4d:90:5d:c4:5d  txqueuelen 1000  (Ethernet)
        RX packets 17  bytes 2213 (2.2 KB)
        RX errors 0  dropped 0  overruns 0  frame 0
        TX packets 6  bytes 516 (516.0 B)
        TX errors 0  dropped 0 overruns 0  carrier 0  collisions 0

h2-eth1: flags=4163<UP,BROADCAST,RUNNING,MULTICAST>  mtu 1500
        inet 192.168.10.3  netmask 255.255.255.0  broadcast 192.168.10.255
        inet6 fe80::822:1cff:feb4:6a51  prefixlen 64  scopeid 0x20<link>
        ether 0a:22:1c:b4:6a:51  txqueuelen 1000  (Ethernet)
        RX packets 16  bytes 2143 (2.1 KB)
        RX errors 0  dropped 0  overruns 0  frame 0
        TX packets 6  bytes 516 (516.0 B)
        TX errors 0  dropped 0 overruns 0  carrier 0  collisions 0

h2-eth2: flags=4163<UP,BROADCAST,RUNNING,MULTICAST>  mtu 1500
        inet 192.168.18.3  netmask 255.255.255.0  broadcast 192.168.18.255
        inet6 fe80::b01e:e4ff:fef8:dd58  prefixlen 64  scopeid 0x20<link>
        ether b2:1e:e4:f8:dd:58  txqueuelen 1000  (Ethernet)
        RX packets 16  bytes 2143 (2.1 KB)
        RX errors 0  dropped 0  overruns 0  frame 0
        TX packets 6  bytes 516 (516.0 B)
        TX errors 0  dropped 0 overruns 0  carrier 0  collisions 0

h2-eth3: flags=4163<UP,BROADCAST,RUNNING,MULTICAST>  mtu 1500
        inet 192.168.19.3  netmask 255.255.255.0  broadcast 192.168.19.255
        inet6 fe80::7442:93ff:fe0c:9f47  prefixlen 64  scopeid 0x20<link>
        ether 76:42:93:0c:9f:47  txqueuelen 1000  (Ethernet)
        RX packets 16  bytes 2143 (2.1 KB)
        RX errors 0  dropped 0  overruns 0  frame 0
        TX packets 6  bytes 516 (516.0 B)
        TX errors 0  dropped 0 overruns 0  carrier 0  collisions 0

h2-eth4: flags=4163<UP,BROADCAST,RUNNING,MULTICAST>  mtu 1500
        inet 192.168.20.3  netmask 255.255.255.0  broadcast 192.168.20.255
        inet6 fe80::1488:17ff:fe5b:1f44  prefixlen 64  scopeid 0x20<link>
        ether 16:88:17:5b:1f:44  txqueuelen 1000  (Ethernet)
        RX packets 16  bytes 2143 (2.1 KB)
        RX errors 0  dropped 0  overruns 0  frame 0
        TX packets 7  bytes 586 (586.0 B)
        TX errors 0  dropped 0 overruns 0  carrier 0  collisions 0

lo: flags=73<UP,LOOPBACK,RUNNING>  mtu 65536
        inet 127.0.0.1  netmask 255.0.0.0
        inet6 ::1  prefixlen 128  scopeid 0x10<host>
        loop  txqueuelen 1000  (Local Loopback)
        RX packets 0  bytes 0 (0.0 B)
        RX errors 0  dropped 0  overruns 0  frame 0
        TX packets 0  bytes 0 (0.0 B)
        TX errors 0  dropped 0 overruns 0  carrier 0  collisions 0

h3-eth0: flags=4163<UP,BROADCAST,RUNNING,MULTICAST>  mtu 1500
        inet 192.168.2.4  netmask 255.255.255.0  broadcast 192.168.2.255
        inet6 fe80::24fb:baff:fecd:cc94  prefixlen 64  scopeid 0x20<link>
        ether 26:fb:ba:cd:cc:94  txqueuelen 1000  (Ethernet)
        RX packets 16  bytes 2143 (2.1 KB)
        RX errors 0  dropped 0  overruns 0  frame 0
        TX packets 6  bytes 516 (516.0 B)
        TX errors 0  dropped 0 overruns 0  carrier 0  collisions 0

h3-eth1: flags=4163<UP,BROADCAST,RUNNING,MULTICAST>  mtu 1500
        inet 192.168.6.4  netmask 255.255.255.0  broadcast 192.168.6.255
        inet6 fe80::e84a:6cff:feae:d0d8  prefixlen 64  scopeid 0x20<link>
        ether ea:4a:6c:ae:d0:d8  txqueuelen 1000  (Ethernet)
        RX packets 16  bytes 2143 (2.1 KB)
        RX errors 0  dropped 0  overruns 0  frame 0
        TX packets 7  bytes 586 (586.0 B)
        TX errors 0  dropped 0 overruns 0  carrier 0  collisions 0

h3-eth2: flags=4163<UP,BROADCAST,RUNNING,MULTICAST>  mtu 1500
        inet 192.168.7.4  netmask 255.255.255.0  broadcast 192.168.7.255
        inet6 fe80::3ce7:4cff:fe39:a793  prefixlen 64  scopeid 0x20<link>
        ether 3e:e7:4c:39:a7:93  txqueuelen 1000  (Ethernet)
        RX packets 16  bytes 2143 (2.1 KB)
        RX errors 0  dropped 0  overruns 0  frame 0
        TX packets 7  bytes 586 (586.0 B)
        TX errors 0  dropped 0 overruns 0  carrier 0  collisions 0

h3-eth3: flags=4163<UP,BROADCAST,RUNNING,MULTICAST>  mtu 1500
        inet 192.168.12.4  netmask 255.255.255.0  broadcast 192.168.12.255
        inet6 fe80::7c77:2aff:fe25:d86c  prefixlen 64  scopeid 0x20<link>
        ether 7e:77:2a:25:d8:6c  txqueuelen 1000  (Ethernet)
        RX packets 17  bytes 2213 (2.2 KB)
        RX errors 0  dropped 0  overruns 0  frame 0
        TX packets 6  bytes 516 (516.0 B)
        TX errors 0  dropped 0 overruns 0  carrier 0  collisions 0

h3-eth4: flags=4163<UP,BROADCAST,RUNNING,MULTICAST>  mtu 1500
        inet 192.168.13.4  netmask 255.255.255.0  broadcast 192.168.13.255
        inet6 fe80::8867:c3ff:fe5d:a74e  prefixlen 64  scopeid 0x20<link>
        ether 8a:67:c3:5d:a7:4e  txqueuelen 1000  (Ethernet)
        RX packets 16  bytes 2143 (2.1 KB)
        RX errors 0  dropped 0  overruns 0  frame 0
        TX packets 6  bytes 516 (516.0 B)
        TX errors 0  dropped 0 overruns 0  carrier 0  collisions 0

lo: flags=73<UP,LOOPBACK,RUNNING>  mtu 65536
        inet 127.0.0.1  netmask 255.0.0.0
        inet6 ::1  prefixlen 128  scopeid 0x10<host>
        loop  txqueuelen 1000  (Local Loopback)
        RX packets 0  bytes 0 (0.0 B)
        RX errors 0  dropped 0  overruns 0  frame 0
        TX packets 0  bytes 0 (0.0 B)
        TX errors 0  dropped 0 overruns 0  carrier 0  collisions 0

h4-eth0: flags=4163<UP,BROADCAST,RUNNING,MULTICAST>  mtu 1500
        inet 192.168.4.5  netmask 255.255.255.0  broadcast 192.168.4.255
        inet6 fe80::c51:8aff:fe9f:9d1c  prefixlen 64  scopeid 0x20<link>
        ether 0e:51:8a:9f:9d:1c  txqueuelen 1000  (Ethernet)
        RX packets 16  bytes 2143 (2.1 KB)
        RX errors 0  dropped 0  overruns 0  frame 0
        TX packets 6  bytes 516 (516.0 B)
        TX errors 0  dropped 0 overruns 0  carrier 0  collisions 0

h4-eth1: flags=4163<UP,BROADCAST,RUNNING,MULTICAST>  mtu 1500
        inet 192.168.8.5  netmask 255.255.255.0  broadcast 192.168.8.255
        inet6 fe80::a4be:97ff:fe57:cd57  prefixlen 64  scopeid 0x20<link>
        ether a6:be:97:57:cd:57  txqueuelen 1000  (Ethernet)
        RX packets 16  bytes 2143 (2.1 KB)
        RX errors 0  dropped 0  overruns 0  frame 0
        TX packets 6  bytes 516 (516.0 B)
        TX errors 0  dropped 0 overruns 0  carrier 0  collisions 0

h4-eth2: flags=4163<UP,BROADCAST,RUNNING,MULTICAST>  mtu 1500
        inet 192.168.12.5  netmask 255.255.255.0  broadcast 192.168.12.255
        inet6 fe80::88b6:70ff:fee5:c136  prefixlen 64  scopeid 0x20<link>
        ether 8a:b6:70:e5:c1:36  txqueuelen 1000  (Ethernet)
        RX packets 16  bytes 2143 (2.1 KB)
        RX errors 0  dropped 0  overruns 0  frame 0
        TX packets 6  bytes 516 (516.0 B)
        TX errors 0  dropped 0 overruns 0  carrier 0  collisions 0

h4-eth3: flags=4163<UP,BROADCAST,RUNNING,MULTICAST>  mtu 1500
        inet 192.168.15.5  netmask 255.255.255.0  broadcast 192.168.15.255
        inet6 fe80::5473:fbff:fe5f:9f08  prefixlen 64  scopeid 0x20<link>
        ether 56:73:fb:5f:9f:08  txqueuelen 1000  (Ethernet)
        RX packets 16  bytes 2143 (2.1 KB)
        RX errors 0  dropped 0  overruns 0  frame 0
        TX packets 6  bytes 516 (516.0 B)
        TX errors 0  dropped 0 overruns 0  carrier 0  collisions 0

h4-eth4: flags=4163<UP,BROADCAST,RUNNING,MULTICAST>  mtu 1500
        inet 192.168.16.5  netmask 255.255.255.0  broadcast 192.168.16.255
        inet6 fe80::1454:5eff:fe4d:d2c3  prefixlen 64  scopeid 0x20<link>
        ether 16:54:5e:4d:d2:c3  txqueuelen 1000  (Ethernet)
        RX packets 16  bytes 2143 (2.1 KB)
        RX errors 0  dropped 0  overruns 0  frame 0
        TX packets 6  bytes 516 (516.0 B)
        TX errors 0  dropped 0 overruns 0  carrier 0  collisions 0

h4-eth5: flags=4163<UP,BROADCAST,RUNNING,MULTICAST>  mtu 1500
        inet 192.168.19.5  netmask 255.255.255.0  broadcast 192.168.19.255
        inet6 fe80::6053:aaff:fe6d:712b  prefixlen 64  scopeid 0x20<link>
        ether 62:53:aa:6d:71:2b  txqueuelen 1000  (Ethernet)
        RX packets 15  bytes 2036 (2.0 KB)
        RX errors 0  dropped 0  overruns 0  frame 0
        TX packets 6  bytes 516 (516.0 B)
        TX errors 0  dropped 0 overruns 0  carrier 0  collisions 0

lo: flags=73<UP,LOOPBACK,RUNNING>  mtu 65536
        inet 127.0.0.1  netmask 255.0.0.0
        inet6 ::1  prefixlen 128  scopeid 0x10<host>
        loop  txqueuelen 1000  (Local Loopback)
        RX packets 0  bytes 0 (0.0 B)
        RX errors 0  dropped 0  overruns 0  frame 0
        TX packets 0  bytes 0 (0.0 B)
        TX errors 0  dropped 0 overruns 0  carrier 0  collisions 0

h5-eth0: flags=4163<UP,BROADCAST,RUNNING,MULTICAST>  mtu 1500
        inet 192.168.1.6  netmask 255.255.255.0  broadcast 192.168.1.255
        inet6 fe80::c816:94ff:fe4c:5e67  prefixlen 64  scopeid 0x20<link>
        ether ca:16:94:4c:5e:67  txqueuelen 1000  (Ethernet)
        RX packets 16  bytes 2143 (2.1 KB)
        RX errors 0  dropped 0  overruns 0  frame 0
        TX packets 6  bytes 516 (516.0 B)
        TX errors 0  dropped 0 overruns 0  carrier 0  collisions 0

h5-eth1: flags=4163<UP,BROADCAST,RUNNING,MULTICAST>  mtu 1500
        inet 192.168.5.6  netmask 255.255.255.0  broadcast 192.168.5.255
        inet6 fe80::74df:15ff:fead:86c8  prefixlen 64  scopeid 0x20<link>
        ether 76:df:15:ad:86:c8  txqueuelen 1000  (Ethernet)
        RX packets 16  bytes 2143 (2.1 KB)
        RX errors 0  dropped 0  overruns 0  frame 0
        TX packets 6  bytes 516 (516.0 B)
        TX errors 0  dropped 0 overruns 0  carrier 0  collisions 0

h5-eth2: flags=4163<UP,BROADCAST,RUNNING,MULTICAST>  mtu 1500
        inet 192.168.6.6  netmask 255.255.255.0  broadcast 192.168.6.255
        inet6 fe80::acea:89ff:fea5:14d1  prefixlen 64  scopeid 0x20<link>
        ether ae:ea:89:a5:14:d1  txqueuelen 1000  (Ethernet)
        RX packets 16  bytes 2143 (2.1 KB)
        RX errors 0  dropped 0  overruns 0  frame 0
        TX packets 6  bytes 516 (516.0 B)
        TX errors 0  dropped 0 overruns 0  carrier 0  collisions 0

h5-eth3: flags=4163<UP,BROADCAST,RUNNING,MULTICAST>  mtu 1500
        inet 192.168.11.6  netmask 255.255.255.0  broadcast 192.168.11.255
        inet6 fe80::e8f3:8cff:fe07:59d  prefixlen 64  scopeid 0x20<link>
        ether ea:f3:8c:07:05:9d  txqueuelen 1000  (Ethernet)
        RX packets 15  bytes 2036 (2.0 KB)
        RX errors 0  dropped 0  overruns 0  frame 0
        TX packets 6  bytes 516 (516.0 B)
        TX errors 0  dropped 0 overruns 0  carrier 0  collisions 0

h5-eth4: flags=4163<UP,BROADCAST,RUNNING,MULTICAST>  mtu 1500
        inet 192.168.17.6  netmask 255.255.255.0  broadcast 192.168.17.255
        inet6 fe80::1cda:91ff:fef4:65ca  prefixlen 64  scopeid 0x20<link>
        ether 1e:da:91:f4:65:ca  txqueuelen 1000  (Ethernet)
        RX packets 16  bytes 2143 (2.1 KB)
        RX errors 0  dropped 0  overruns 0  frame 0
        TX packets 6  bytes 516 (516.0 B)
        TX errors 0  dropped 0 overruns 0  carrier 0  collisions 0

lo: flags=73<UP,LOOPBACK,RUNNING>  mtu 65536
        inet 127.0.0.1  netmask 255.0.0.0
        inet6 ::1  prefixlen 128  scopeid 0x10<host>
        loop  txqueuelen 1000  (Local Loopback)
        RX packets 0  bytes 0 (0.0 B)
        RX errors 0  dropped 0  overruns 0  frame 0
        TX packets 0  bytes 0 (0.0 B)
        TX errors 0  dropped 0 overruns 0  carrier 0  collisions 0

h6-eth0: flags=4163<UP,BROADCAST,RUNNING,MULTICAST>  mtu 1500
        inet 192.168.3.7  netmask 255.255.255.0  broadcast 192.168.3.255
        inet6 fe80::780e:49ff:fec8:ca33  prefixlen 64  scopeid 0x20<link>
        ether 7a:0e:49:c8:ca:33  txqueuelen 1000  (Ethernet)
        RX packets 15  bytes 2036 (2.0 KB)
        RX errors 0  dropped 0  overruns 0  frame 0
        TX packets 6  bytes 516 (516.0 B)
        TX errors 0  dropped 0 overruns 0  carrier 0  collisions 0

h6-eth1: flags=4163<UP,BROADCAST,RUNNING,MULTICAST>  mtu 1500
        inet 192.168.9.7  netmask 255.255.255.0  broadcast 192.168.9.255
        inet6 fe80::1cf5:1aff:fe16:4411  prefixlen 64  scopeid 0x20<link>
        ether 1e:f5:1a:16:44:11  txqueuelen 1000  (Ethernet)
        RX packets 15  bytes 2036 (2.0 KB)
        RX errors 0  dropped 0  overruns 0  frame 0
        TX packets 6  bytes 516 (516.0 B)
        TX errors 0  dropped 0 overruns 0  carrier 0  collisions 0

h6-eth2: flags=4163<UP,BROADCAST,RUNNING,MULTICAST>  mtu 1500
        inet 192.168.10.7  netmask 255.255.255.0  broadcast 192.168.10.255
        inet6 fe80::5c7d:25ff:fe69:6c08  prefixlen 64  scopeid 0x20<link>
        ether 5e:7d:25:69:6c:08  txqueuelen 1000  (Ethernet)
        RX packets 16  bytes 2143 (2.1 KB)
        RX errors 0  dropped 0  overruns 0  frame 0
        TX packets 6  bytes 516 (516.0 B)
        TX errors 0  dropped 0 overruns 0  carrier 0  collisions 0

h6-eth3: flags=4163<UP,BROADCAST,RUNNING,MULTICAST>  mtu 1500
        inet 192.168.16.7  netmask 255.255.255.0  broadcast 192.168.16.255
        inet6 fe80::40b7:26ff:fec6:1303  prefixlen 64  scopeid 0x20<link>
        ether 42:b7:26:c6:13:03  txqueuelen 1000  (Ethernet)
        RX packets 15  bytes 2036 (2.0 KB)
        RX errors 0  dropped 0  overruns 0  frame 0
        TX packets 6  bytes 516 (516.0 B)
        TX errors 0  dropped 0 overruns 0  carrier 0  collisions 0

h6-eth4: flags=4163<UP,BROADCAST,RUNNING,MULTICAST>  mtu 1500
        inet 192.168.17.7  netmask 255.255.255.0  broadcast 192.168.17.255
        inet6 fe80::5498:77ff:fef5:4fd6  prefixlen 64  scopeid 0x20<link>
        ether 56:98:77:f5:4f:d6  txqueuelen 1000  (Ethernet)
        RX packets 15  bytes 2036 (2.0 KB)
        RX errors 0  dropped 0  overruns 0  frame 0
        TX packets 6  bytes 516 (516.0 B)
        TX errors 0  dropped 0 overruns 0  carrier 0  collisions 0

lo: flags=73<UP,LOOPBACK,RUNNING>  mtu 65536
        inet 127.0.0.1  netmask 255.0.0.0
        inet6 ::1  prefixlen 128  scopeid 0x10<host>
        loop  txqueuelen 1000  (Local Loopback)
        RX packets 0  bytes 0 (0.0 B)
        RX errors 0  dropped 0  overruns 0  frame 0
        TX packets 0  bytes 0 (0.0 B)
        TX errors 0  dropped 0 overruns 0  carrier 0  collisions 0

h7-eth0: flags=4163<UP,BROADCAST,RUNNING,MULTICAST>  mtu 1500
        inet 192.168.1.8  netmask 255.255.255.0  broadcast 192.168.1.255
        inet6 fe80::b409:9dff:fea4:26fa  prefixlen 64  scopeid 0x20<link>
        ether b6:09:9d:a4:26:fa  txqueuelen 1000  (Ethernet)
        RX packets 15  bytes 2036 (2.0 KB)
        RX errors 0  dropped 0  overruns 0  frame 0
        TX packets 6  bytes 516 (516.0 B)
        TX errors 0  dropped 0 overruns 0  carrier 0  collisions 0

h7-eth1: flags=4163<UP,BROADCAST,RUNNING,MULTICAST>  mtu 1500
        inet 192.168.8.8  netmask 255.255.255.0  broadcast 192.168.8.255
        inet6 fe80::f0b3:95ff:fee0:8cbb  prefixlen 64  scopeid 0x20<link>
        ether f2:b3:95:e0:8c:bb  txqueuelen 1000  (Ethernet)
        RX packets 15  bytes 2036 (2.0 KB)
        RX errors 0  dropped 0  overruns 0  frame 0
        TX packets 6  bytes 516 (516.0 B)
        TX errors 0  dropped 0 overruns 0  carrier 0  collisions 0

h7-eth2: flags=4163<UP,BROADCAST,RUNNING,MULTICAST>  mtu 1500
        inet 192.168.13.8  netmask 255.255.255.0  broadcast 192.168.13.255
        inet6 fe80::b426:dbff:febf:449b  prefixlen 64  scopeid 0x20<link>
        ether b6:26:db:bf:44:9b  txqueuelen 1000  (Ethernet)
        RX packets 15  bytes 2036 (2.0 KB)
        RX errors 0  dropped 0  overruns 0  frame 0
        TX packets 6  bytes 516 (516.0 B)
        TX errors 0  dropped 0 overruns 0  carrier 0  collisions 0

h7-eth3: flags=4163<UP,BROADCAST,RUNNING,MULTICAST>  mtu 1500
        inet 192.168.20.8  netmask 255.255.255.0  broadcast 192.168.20.255
        inet6 fe80::bc1d:aeff:fe06:c558  prefixlen 64  scopeid 0x20<link>
        ether be:1d:ae:06:c5:58  txqueuelen 1000  (Ethernet)
        RX packets 15  bytes 2036 (2.0 KB)
        RX errors 0  dropped 0  overruns 0  frame 0
        TX packets 6  bytes 516 (516.0 B)
        TX errors 0  dropped 0 overruns 0  carrier 0  collisions 0

lo: flags=73<UP,LOOPBACK,RUNNING>  mtu 65536
        inet 127.0.0.1  netmask 255.0.0.0
        inet6 ::1  prefixlen 128  scopeid 0x10<host>
        loop  txqueuelen 1000  (Local Loopback)
        RX packets 0  bytes 0 (0.0 B)
        RX errors 0  dropped 0  overruns 0  frame 0
        TX packets 0  bytes 0 (0.0 B)
        TX errors 0  dropped 0 overruns 0  carrier 0  collisions 0

h0 cefnetd not ready; check h0-cefnetd-log
2026-01-27 15:47:34.081 [cefctrl] INFO: [client] Config directory is ./h0
2026-01-27 15:47:34.081 [cefctrl] INFO: [client] Local Socket Name is /tmp/cef_9695.0
2026-01-27 15:47:34.081 [cefctrl] INFO: [client] Listen Port is 9695
2026-01-27 15:47:34.081 [cefctrl] ERROR: cef_client_connect (connect:No such file or directory)
[cef_ctrl] ERROR: Failed to connect to cefnetd.
2026-01-27 15:47:34.087 [cefctrl] INFO: [client] Config directory is ./h0
2026-01-27 15:47:34.087 [cefctrl] INFO: [client] Local Socket Name is /tmp/cef_9695.0
2026-01-27 15:47:34.087 [cefctrl] INFO: [client] Listen Port is 9695
2026-01-27 15:47:34.087 [cefctrl] ERROR: cef_client_connect (connect:No such file or directory)
[cef_ctrl] ERROR: Failed to connect to cefnetd.
2026-01-27 15:47:34.093 [cefctrl] INFO: [client] Config directory is ./h0
2026-01-27 15:47:34.093 [cefctrl] INFO: [client] Local Socket Name is /tmp/cef_9695.0
2026-01-27 15:47:34.093 [cefctrl] INFO: [client] Listen Port is 9695
2026-01-27 15:47:34.093 [cefctrl] ERROR: cef_client_connect (connect:No such file or directory)
[cef_ctrl] ERROR: Failed to connect to cefnetd.
2026-01-27 15:47:34.099 [cefctrl] INFO: [client] Config directory is ./h0
2026-01-27 15:47:34.099 [cefctrl] INFO: [client] Local Socket Name is /tmp/cef_9695.0
2026-01-27 15:47:34.099 [cefctrl] INFO: [client] Listen Port is 9695
2026-01-27 15:47:34.099 [cefctrl] ERROR: cef_client_connect (connect:No such file or directory)
[cef_ctrl] ERROR: Failed to connect to cefnetd.
2026-01-27 15:47:34.105 [cefctrl] INFO: [client] Config directory is ./h0
2026-01-27 15:47:34.105 [cefctrl] INFO: [client] Local Socket Name is /tmp/cef_9695.0
2026-01-27 15:47:34.105 [cefctrl] INFO: [client] Listen Port is 9695
2026-01-27 15:47:34.105 [cefctrl] ERROR: cef_client_connect (connect:No such file or directory)
[cef_ctrl] ERROR: Failed to connect to cefnetd.
2026-01-27 15:47:34.111 [cefctrl] INFO: [client] Config directory is ./h0
2026-01-27 15:47:34.111 [cefctrl] INFO: [client] Local Socket Name is /tmp/cef_9695.0
2026-01-27 15:47:34.111 [cefctrl] INFO: [client] Listen Port is 9695
2026-01-27 15:47:34.111 [cefctrl] ERROR: cef_client_connect (connect:No such file or directory)
[cef_ctrl] ERROR: Failed to connect to cefnetd.
2026-01-27 15:47:34.117 [cefctrl] INFO: [client] Config directory is ./h0
2026-01-27 15:47:34.117 [cefctrl] INFO: [client] Local Socket Name is /tmp/cef_9695.0
2026-01-27 15:47:34.117 [cefctrl] INFO: [client] Listen Port is 9695
2026-01-27 15:47:34.117 [cefctrl] ERROR: cef_client_connect (connect:No such file or directory)
[cef_ctrl] ERROR: Failed to connect to cefnetd.
2026-01-27 15:47:34.122 [cefctrl] INFO: [client] Config directory is ./h0
2026-01-27 15:47:34.123 [cefctrl] INFO: [client] Local Socket Name is /tmp/cef_9695.0
2026-01-27 15:47:34.123 [cefctrl] INFO: [client] Listen Port is 9695
2026-01-27 15:47:34.123 [cefctrl] ERROR: cef_client_connect (connect:No such file or directory)
[cef_ctrl] ERROR: Failed to connect to cefnetd.
2026-01-27 15:47:34.128 [cefctrl] INFO: [client] Config directory is ./h0
2026-01-27 15:47:34.129 [cefctrl] INFO: [client] Local Socket Name is /tmp/cef_9695.0
2026-01-27 15:47:34.129 [cefctrl] INFO: [client] Listen Port is 9695
2026-01-27 15:47:34.129 [cefctrl] ERROR: cef_client_connect (connect:No such file or directory)
[cef_ctrl] ERROR: Failed to connect to cefnetd.
2026-01-27 15:47:34.134 [cefctrl] INFO: [client] Config directory is ./h0
2026-01-27 15:47:34.135 [cefctrl] INFO: [client] Local Socket Name is /tmp/cef_9695.0
2026-01-27 15:47:34.135 [cefctrl] INFO: [client] Listen Port is 9695
2026-01-27 15:47:34.135 [cefctrl] ERROR: cef_client_connect (connect:No such file or directory)
[cef_ctrl] ERROR: Failed to connect to cefnetd.
2026-01-27 15:47:34.140 [cefctrl] INFO: [client] Config directory is ./h0
2026-01-27 15:47:34.140 [cefctrl] INFO: [client] Local Socket Name is /tmp/cef_9695.0
2026-01-27 15:47:34.140 [cefctrl] INFO: [client] Listen Port is 9695
2026-01-27 15:47:34.141 [cefctrl] ERROR: cef_client_connect (connect:No such file or directory)
[cef_ctrl] ERROR: Failed to connect to cefnetd.
2026-01-27 15:47:34.146 [cefctrl] INFO: [client] Config directory is ./h0
2026-01-27 15:47:34.146 [cefctrl] INFO: [client] Local Socket Name is /tmp/cef_9695.0
2026-01-27 15:47:34.146 [cefctrl] INFO: [client] Listen Port is 9695
2026-01-27 15:47:34.146 [cefctrl] ERROR: cef_client_connect (connect:No such file or directory)
[cef_ctrl] ERROR: Failed to connect to cefnetd.
2026-01-27 15:47:34.152 [cefctrl] INFO: [client] Config directory is ./h0
2026-01-27 15:47:34.152 [cefctrl] INFO: [client] Local Socket Name is /tmp/cef_9695.0
2026-01-27 15:47:34.152 [cefctrl] INFO: [client] Listen Port is 9695
2026-01-27 15:47:34.152 [cefctrl] ERROR: cef_client_connect (connect:No such file or directory)
[cef_ctrl] ERROR: Failed to connect to cefnetd.
2026-01-27 15:47:34.158 [cefctrl] INFO: [client] Config directory is ./h0
2026-01-27 15:47:34.158 [cefctrl] INFO: [client] Local Socket Name is /tmp/cef_9695.0
2026-01-27 15:47:34.158 [cefctrl] INFO: [client] Listen Port is 9695
2026-01-27 15:47:34.158 [cefctrl] ERROR: cef_client_connect (connect:No such file or directory)
[cef_ctrl] ERROR: Failed to connect to cefnetd.
2026-01-27 15:47:34.163 [cefctrl] INFO: [client] Config directory is ./h0
2026-01-27 15:47:34.163 [cefctrl] INFO: [client] Local Socket Name is /tmp/cef_9695.0
2026-01-27 15:47:34.163 [cefctrl] INFO: [client] Listen Port is 9695
2026-01-27 15:47:34.163 [cefctrl] ERROR: cef_client_connect (connect:No such file or directory)
[cef_ctrl] ERROR: Failed to connect to cefnetd.
2026-01-27 15:47:34.169 [cefctrl] INFO: [client] Config directory is ./h0
2026-01-27 15:47:34.169 [cefctrl] INFO: [client] Local Socket Name is /tmp/cef_9695.0
2026-01-27 15:47:34.169 [cefctrl] INFO: [client] Listen Port is 9695
2026-01-27 15:47:34.169 [cefctrl] ERROR: cef_client_connect (connect:No such file or directory)
[cef_ctrl] ERROR: Failed to connect to cefnetd.
2026-01-27 15:47:34.175 [cefctrl] INFO: [client] Config directory is ./h0
2026-01-27 15:47:34.175 [cefctrl] INFO: [client] Local Socket Name is /tmp/cef_9695.0
2026-01-27 15:47:34.175 [cefctrl] INFO: [client] Listen Port is 9695
2026-01-27 15:47:34.175 [cefctrl] ERROR: cef_client_connect (connect:No such file or directory)
[cef_ctrl] ERROR: Failed to connect to cefnetd.
2026-01-27 15:47:34.180 [cefctrl] INFO: [client] Config directory is ./h0
2026-01-27 15:47:34.180 [cefctrl] INFO: [client] Local Socket Name is /tmp/cef_9695.0
2026-01-27 15:47:34.180 [cefctrl] INFO: [client] Listen Port is 9695
2026-01-27 15:47:34.180 [cefctrl] ERROR: cef_client_connect (connect:No such file or directory)
[cef_ctrl] ERROR: Failed to connect to cefnetd.
2026-01-27 15:47:34.186 [cefctrl] INFO: [client] Config directory is ./h0
2026-01-27 15:47:34.186 [cefctrl] INFO: [client] Local Socket Name is /tmp/cef_9695.0
2026-01-27 15:47:34.186 [cefctrl] INFO: [client] Listen Port is 9695
2026-01-27 15:47:34.186 [cefctrl] ERROR: cef_client_connect (connect:No such file or directory)
[cef_ctrl] ERROR: Failed to connect to cefnetd.
2026-01-27 15:47:34.191 [cefctrl] INFO: [client] Config directory is ./h0
2026-01-27 15:47:34.191 [cefctrl] INFO: [client] Local Socket Name is /tmp/cef_9695.0
2026-01-27 15:47:34.191 [cefctrl] INFO: [client] Listen Port is 9695
2026-01-27 15:47:34.191 [cefctrl] ERROR: cef_client_connect (connect:No such file or directory)
[cef_ctrl] ERROR: Failed to connect to cefnetd.
2026-01-27 15:47:34.197 [cefctrl] INFO: [client] Config directory is ./h0
2026-01-27 15:47:34.197 [cefctrl] INFO: [client] Local Socket Name is /tmp/cef_9695.0
2026-01-27 15:47:34.197 [cefctrl] INFO: [client] Listen Port is 9695
2026-01-27 15:47:34.197 [cefctrl] ERROR: cef_client_connect (connect:No such file or directory)
[cef_ctrl] ERROR: Failed to connect to cefnetd.
2026-01-27 15:47:34.202 [cefctrl] INFO: [client] Config directory is ./h0
2026-01-27 15:47:34.202 [cefctrl] INFO: [client] Local Socket Name is /tmp/cef_9695.0
2026-01-27 15:47:34.202 [cefctrl] INFO: [client] Listen Port is 9695
2026-01-27 15:47:34.202 [cefctrl] ERROR: cef_client_connect (connect:No such file or directory)
[cef_ctrl] ERROR: Failed to connect to cefnetd.
2026-01-27 15:47:34.208 [cefctrl] INFO: [client] Config directory is ./h0
2026-01-27 15:47:34.208 [cefctrl] INFO: [client] Local Socket Name is /tmp/cef_9695.0
2026-01-27 15:47:34.208 [cefctrl] INFO: [client] Listen Port is 9695
2026-01-27 15:47:34.208 [cefctrl] ERROR: cef_client_connect (connect:No such file or directory)
[cef_ctrl] ERROR: Failed to connect to cefnetd.
2026-01-27 15:47:34.213 [cefctrl] INFO: [client] Config directory is ./h0
2026-01-27 15:47:34.213 [cefctrl] INFO: [client] Local Socket Name is /tmp/cef_9695.0
2026-01-27 15:47:34.213 [cefctrl] INFO: [client] Listen Port is 9695
2026-01-27 15:47:34.213 [cefctrl] ERROR: cef_client_connect (connect:No such file or directory)
[cef_ctrl] ERROR: Failed to connect to cefnetd.
2026-01-27 15:47:34.219 [cefctrl] INFO: [client] Config directory is ./h0
2026-01-27 15:47:34.219 [cefctrl] INFO: [client] Local Socket Name is /tmp/cef_9695.0
2026-01-27 15:47:34.219 [cefctrl] INFO: [client] Listen Port is 9695
2026-01-27 15:47:34.219 [cefctrl] ERROR: cef_client_connect (connect:No such file or directory)
[cef_ctrl] ERROR: Failed to connect to cefnetd.
2026-01-27 15:47:34.225 [cefctrl] INFO: [client] Config directory is ./h0
2026-01-27 15:47:34.225 [cefctrl] INFO: [client] Local Socket Name is /tmp/cef_9695.0
2026-01-27 15:47:34.225 [cefctrl] INFO: [client] Listen Port is 9695
2026-01-27 15:47:34.225 [cefctrl] ERROR: cef_client_connect (connect:No such file or directory)
[cef_ctrl] ERROR: Failed to connect to cefnetd.
2026-01-27 15:47:34.230 [cefctrl] INFO: [client] Config directory is ./h0
2026-01-27 15:47:34.231 [cefctrl] INFO: [client] Local Socket Name is /tmp/cef_9695.0
2026-01-27 15:47:34.231 [cefctrl] INFO: [client] Listen Port is 9695
2026-01-27 15:47:34.231 [cefctrl] ERROR: cef_client_connect (connect:No such file or directory)
[cef_ctrl] ERROR: Failed to connect to cefnetd.
2026-01-27 15:47:34.236 [cefctrl] INFO: [client] Config directory is ./h0
2026-01-27 15:47:34.236 [cefctrl] INFO: [client] Local Socket Name is /tmp/cef_9695.0
2026-01-27 15:47:34.236 [cefctrl] INFO: [client] Listen Port is 9695
2026-01-27 15:47:34.236 [cefctrl] ERROR: cef_client_connect (connect:No such file or directory)
[cef_ctrl] ERROR: Failed to connect to cefnetd.
2026-01-27 15:47:34.242 [cefctrl] INFO: [client] Config directory is ./h1
2026-01-27 15:47:34.242 [cefctrl] INFO: [client] Local Socket Name is /tmp/cef_9695.1
2026-01-27 15:47:34.242 [cefctrl] INFO: [client] Listen Port is 9695
done. (cefroute)
2026-01-27 15:47:34.248 [cefctrl] INFO: [client] Config directory is ./h1
2026-01-27 15:47:34.249 [cefctrl] INFO: [client] Local Socket Name is /tmp/cef_9695.1
2026-01-27 15:47:34.249 [cefctrl] INFO: [client] Listen Port is 9695
done. (cefroute)
2026-01-27 15:47:34.255 [cefctrl] INFO: [client] Config directory is ./h1
2026-01-27 15:47:34.255 [cefctrl] INFO: [client] Local Socket Name is /tmp/cef_9695.1
2026-01-27 15:47:34.255 [cefctrl] INFO: [client] Listen Port is 9695
done. (cefroute)
2026-01-27 15:47:34.261 [cefctrl] INFO: [client] Config directory is ./h1
2026-01-27 15:47:34.261 [cefctrl] INFO: [client] Local Socket Name is /tmp/cef_9695.1
2026-01-27 15:47:34.261 [cefctrl] INFO: [client] Listen Port is 9695
done. (cefroute)
2026-01-27 15:47:34.266 [cefctrl] INFO: [client] Config directory is ./h1
2026-01-27 15:47:34.266 [cefctrl] INFO: [client] Local Socket Name is /tmp/cef_9695.1
2026-01-27 15:47:34.266 [cefctrl] INFO: [client] Listen Port is 9695
done. (cefroute)
2026-01-27 15:47:34.272 [cefctrl] INFO: [client] Config directory is ./h1
2026-01-27 15:47:34.272 [cefctrl] INFO: [client] Local Socket Name is /tmp/cef_9695.1
2026-01-27 15:47:34.272 [cefctrl] INFO: [client] Listen Port is 9695
done. (cefroute)
2026-01-27 15:47:34.277 [cefctrl] INFO: [client] Config directory is ./h1
2026-01-27 15:47:34.278 [cefctrl] INFO: [client] Local Socket Name is /tmp/cef_9695.1
2026-01-27 15:47:34.278 [cefctrl] INFO: [client] Listen Port is 9695
done. (cefroute)
2026-01-27 15:47:34.283 [cefctrl] INFO: [client] Config directory is ./h1
2026-01-27 15:47:34.283 [cefctrl] INFO: [client] Local Socket Name is /tmp/cef_9695.1
2026-01-27 15:47:34.283 [cefctrl] INFO: [client] Listen Port is 9695
done. (cefroute)
2026-01-27 15:47:34.289 [cefctrl] INFO: [client] Config directory is ./h1
2026-01-27 15:47:34.289 [cefctrl] INFO: [client] Local Socket Name is /tmp/cef_9695.1
2026-01-27 15:47:34.289 [cefctrl] INFO: [client] Listen Port is 9695
done. (cefroute)
2026-01-27 15:47:34.294 [cefctrl] INFO: [client] Config directory is ./h1
2026-01-27 15:47:34.294 [cefctrl] INFO: [client] Local Socket Name is /tmp/cef_9695.1
2026-01-27 15:47:34.294 [cefctrl] INFO: [client] Listen Port is 9695
done. (cefroute)
2026-01-27 15:47:34.300 [cefctrl] INFO: [client] Config directory is ./h1
2026-01-27 15:47:34.300 [cefctrl] INFO: [client] Local Socket Name is /tmp/cef_9695.1
2026-01-27 15:47:34.300 [cefctrl] INFO: [client] Listen Port is 9695
done. (cefroute)
2026-01-27 15:47:34.305 [cefctrl] INFO: [client] Config directory is ./h1
2026-01-27 15:47:34.305 [cefctrl] INFO: [client] Local Socket Name is /tmp/cef_9695.1
2026-01-27 15:47:34.306 [cefctrl] INFO: [client] Listen Port is 9695
done. (cefroute)
2026-01-27 15:47:34.311 [cefctrl] INFO: [client] Config directory is ./h1
2026-01-27 15:47:34.311 [cefctrl] INFO: [client] Local Socket Name is /tmp/cef_9695.1
2026-01-27 15:47:34.311 [cefctrl] INFO: [client] Listen Port is 9695
done. (cefroute)
2026-01-27 15:47:34.317 [cefctrl] INFO: [client] Config directory is ./h1
2026-01-27 15:47:34.317 [cefctrl] INFO: [client] Local Socket Name is /tmp/cef_9695.1
2026-01-27 15:47:34.317 [cefctrl] INFO: [client] Listen Port is 9695
done. (cefroute)
2026-01-27 15:47:34.323 [cefctrl] INFO: [client] Config directory is ./h1
2026-01-27 15:47:34.324 [cefctrl] INFO: [client] Local Socket Name is /tmp/cef_9695.1
2026-01-27 15:47:34.324 [cefctrl] INFO: [client] Listen Port is 9695
done. (cefroute)
2026-01-27 15:47:34.329 [cefctrl] INFO: [client] Config directory is ./h1
2026-01-27 15:47:34.329 [cefctrl] INFO: [client] Local Socket Name is /tmp/cef_9695.1
2026-01-27 15:47:34.329 [cefctrl] INFO: [client] Listen Port is 9695
done. (cefroute)
2026-01-27 15:47:34.335 [cefctrl] INFO: [client] Config directory is ./h1
2026-01-27 15:47:34.335 [cefctrl] INFO: [client] Local Socket Name is /tmp/cef_9695.1
2026-01-27 15:47:34.335 [cefctrl] INFO: [client] Listen Port is 9695
done. (cefroute)
2026-01-27 15:47:34.341 [cefctrl] INFO: [client] Config directory is ./h1
2026-01-27 15:47:34.341 [cefctrl] INFO: [client] Local Socket Name is /tmp/cef_9695.1
2026-01-27 15:47:34.341 [cefctrl] INFO: [client] Listen Port is 9695
done. (cefroute)
2026-01-27 15:47:34.346 [cefctrl] INFO: [client] Config directory is ./h1
2026-01-27 15:47:34.346 [cefctrl] INFO: [client] Local Socket Name is /tmp/cef_9695.1
2026-01-27 15:47:34.346 [cefctrl] INFO: [client] Listen Port is 9695
done. (cefroute)
2026-01-27 15:47:34.351 [cefctrl] INFO: [client] Config directory is ./h1
2026-01-27 15:47:34.352 [cefctrl] INFO: [client] Local Socket Name is /tmp/cef_9695.1
2026-01-27 15:47:34.352 [cefctrl] INFO: [client] Listen Port is 9695
done. (cefroute)
2026-01-27 15:47:34.357 [cefctrl] INFO: [client] Config directory is ./h1
2026-01-27 15:47:34.357 [cefctrl] INFO: [client] Local Socket Name is /tmp/cef_9695.1
2026-01-27 15:47:34.357 [cefctrl] INFO: [client] Listen Port is 9695
done. (cefroute)
2026-01-27 15:47:34.363 [cefctrl] INFO: [client] Config directory is ./h1
2026-01-27 15:47:34.363 [cefctrl] INFO: [client] Local Socket Name is /tmp/cef_9695.1
2026-01-27 15:47:34.363 [cefctrl] INFO: [client] Listen Port is 9695
done. (cefroute)
2026-01-27 15:47:34.368 [cefctrl] INFO: [client] Config directory is ./h1
2026-01-27 15:47:34.368 [cefctrl] INFO: [client] Local Socket Name is /tmp/cef_9695.1
2026-01-27 15:47:34.368 [cefctrl] INFO: [client] Listen Port is 9695
done. (cefroute)
2026-01-27 15:47:34.374 [cefctrl] INFO: [client] Config directory is ./h1
2026-01-27 15:47:34.374 [cefctrl] INFO: [client] Local Socket Name is /tmp/cef_9695.1
2026-01-27 15:47:34.374 [cefctrl] INFO: [client] Listen Port is 9695
done. (cefroute)
2026-01-27 15:47:34.380 [cefctrl] INFO: [client] Config directory is ./h1
2026-01-27 15:47:34.380 [cefctrl] INFO: [client] Local Socket Name is /tmp/cef_9695.1
2026-01-27 15:47:34.380 [cefctrl] INFO: [client] Listen Port is 9695
done. (cefroute)
2026-01-27 15:47:34.385 [cefctrl] INFO: [client] Config directory is ./h1
2026-01-27 15:47:34.386 [cefctrl] INFO: [client] Local Socket Name is /tmp/cef_9695.1
2026-01-27 15:47:34.386 [cefctrl] INFO: [client] Listen Port is 9695
done. (cefroute)
2026-01-27 15:47:34.391 [cefctrl] INFO: [client] Config directory is ./h1
2026-01-27 15:47:34.391 [cefctrl] INFO: [client] Local Socket Name is /tmp/cef_9695.1
2026-01-27 15:47:34.391 [cefctrl] INFO: [client] Listen Port is 9695
done. (cefroute)
2026-01-27 15:47:34.396 [cefctrl] INFO: [client] Config directory is ./h1
2026-01-27 15:47:34.396 [cefctrl] INFO: [client] Local Socket Name is /tmp/cef_9695.1
2026-01-27 15:47:34.397 [cefctrl] INFO: [client] Listen Port is 9695
done. (cefroute)
2026-01-27 15:47:34.403 [cefctrl] INFO: [client] Config directory is ./h2
2026-01-27 15:47:34.403 [cefctrl] INFO: [client] Local Socket Name is /tmp/cef_9695.2
2026-01-27 15:47:34.403 [cefctrl] INFO: [client] Listen Port is 9695
done. (cefroute)
2026-01-27 15:47:34.409 [cefctrl] INFO: [client] Config directory is ./h2
2026-01-27 15:47:34.410 [cefctrl] INFO: [client] Local Socket Name is /tmp/cef_9695.2
2026-01-27 15:47:34.410 [cefctrl] INFO: [client] Listen Port is 9695
done. (cefroute)
2026-01-27 15:47:34.416 [cefctrl] INFO: [client] Config directory is ./h2
2026-01-27 15:47:34.416 [cefctrl] INFO: [client] Local Socket Name is /tmp/cef_9695.2
2026-01-27 15:47:34.416 [cefctrl] INFO: [client] Listen Port is 9695
done. (cefroute)
2026-01-27 15:47:34.423 [cefctrl] INFO: [client] Config directory is ./h2
2026-01-27 15:47:34.423 [cefctrl] INFO: [client] Local Socket Name is /tmp/cef_9695.2
2026-01-27 15:47:34.423 [cefctrl] INFO: [client] Listen Port is 9695
done. (cefroute)
2026-01-27 15:47:34.430 [cefctrl] INFO: [client] Config directory is ./h2
2026-01-27 15:47:34.430 [cefctrl] INFO: [client] Local Socket Name is /tmp/cef_9695.2
2026-01-27 15:47:34.430 [cefctrl] INFO: [client] Listen Port is 9695
done. (cefroute)
2026-01-27 15:47:34.437 [cefctrl] INFO: [client] Config directory is ./h2
2026-01-27 15:47:34.437 [cefctrl] INFO: [client] Local Socket Name is /tmp/cef_9695.2
2026-01-27 15:47:34.437 [cefctrl] INFO: [client] Listen Port is 9695
done. (cefroute)
2026-01-27 15:47:34.443 [cefctrl] INFO: [client] Config directory is ./h2
2026-01-27 15:47:34.443 [cefctrl] INFO: [client] Local Socket Name is /tmp/cef_9695.2
2026-01-27 15:47:34.443 [cefctrl] INFO: [client] Listen Port is 9695
done. (cefroute)
2026-01-27 15:47:34.450 [cefctrl] INFO: [client] Config directory is ./h2
2026-01-27 15:47:34.450 [cefctrl] INFO: [client] Local Socket Name is /tmp/cef_9695.2
2026-01-27 15:47:34.450 [cefctrl] INFO: [client] Listen Port is 9695
done. (cefroute)
2026-01-27 15:47:34.456 [cefctrl] INFO: [client] Config directory is ./h2
2026-01-27 15:47:34.456 [cefctrl] INFO: [client] Local Socket Name is /tmp/cef_9695.2
2026-01-27 15:47:34.456 [cefctrl] INFO: [client] Listen Port is 9695
done. (cefroute)
2026-01-27 15:47:34.462 [cefctrl] INFO: [client] Config directory is ./h2
2026-01-27 15:47:34.462 [cefctrl] INFO: [client] Local Socket Name is /tmp/cef_9695.2
2026-01-27 15:47:34.462 [cefctrl] INFO: [client] Listen Port is 9695
done. (cefroute)
2026-01-27 15:47:34.467 [cefctrl] INFO: [client] Config directory is ./h2
2026-01-27 15:47:34.468 [cefctrl] INFO: [client] Local Socket Name is /tmp/cef_9695.2
2026-01-27 15:47:34.468 [cefctrl] INFO: [client] Listen Port is 9695
done. (cefroute)
2026-01-27 15:47:34.473 [cefctrl] INFO: [client] Config directory is ./h2
2026-01-27 15:47:34.473 [cefctrl] INFO: [client] Local Socket Name is /tmp/cef_9695.2
2026-01-27 15:47:34.473 [cefctrl] INFO: [client] Listen Port is 9695
done. (cefroute)
2026-01-27 15:47:34.479 [cefctrl] INFO: [client] Config directory is ./h2
2026-01-27 15:47:34.479 [cefctrl] INFO: [client] Local Socket Name is /tmp/cef_9695.2
2026-01-27 15:47:34.479 [cefctrl] INFO: [client] Listen Port is 9695
done. (cefroute)
2026-01-27 15:47:34.486 [cefctrl] INFO: [client] Config directory is ./h2
2026-01-27 15:47:34.486 [cefctrl] INFO: [client] Local Socket Name is /tmp/cef_9695.2
2026-01-27 15:47:34.486 [cefctrl] INFO: [client] Listen Port is 9695
done. (cefroute)
2026-01-27 15:47:34.492 [cefctrl] INFO: [client] Config directory is ./h2
2026-01-27 15:47:34.492 [cefctrl] INFO: [client] Local Socket Name is /tmp/cef_9695.2
2026-01-27 15:47:34.492 [cefctrl] INFO: [client] Listen Port is 9695
done. (cefroute)
2026-01-27 15:47:34.497 [cefctrl] INFO: [client] Config directory is ./h2
2026-01-27 15:47:34.498 [cefctrl] INFO: [client] Local Socket Name is /tmp/cef_9695.2
2026-01-27 15:47:34.498 [cefctrl] INFO: [client] Listen Port is 9695
done. (cefroute)
2026-01-27 15:47:34.505 [cefctrl] INFO: [client] Config directory is ./h2
2026-01-27 15:47:34.505 [cefctrl] INFO: [client] Local Socket Name is /tmp/cef_9695.2
2026-01-27 15:47:34.505 [cefctrl] INFO: [client] Listen Port is 9695
done. (cefroute)
2026-01-27 15:47:34.511 [cefctrl] INFO: [client] Config directory is ./h2
2026-01-27 15:47:34.511 [cefctrl] INFO: [client] Local Socket Name is /tmp/cef_9695.2
2026-01-27 15:47:34.511 [cefctrl] INFO: [client] Listen Port is 9695
done. (cefroute)
2026-01-27 15:47:34.518 [cefctrl] INFO: [client] Config directory is ./h2
2026-01-27 15:47:34.518 [cefctrl] INFO: [client] Local Socket Name is /tmp/cef_9695.2
2026-01-27 15:47:34.518 [cefctrl] INFO: [client] Listen Port is 9695
done. (cefroute)
2026-01-27 15:47:34.525 [cefctrl] INFO: [client] Config directory is ./h2
2026-01-27 15:47:34.525 [cefctrl] INFO: [client] Local Socket Name is /tmp/cef_9695.2
2026-01-27 15:47:34.525 [cefctrl] INFO: [client] Listen Port is 9695
done. (cefroute)
2026-01-27 15:47:34.532 [cefctrl] INFO: [client] Config directory is ./h2
2026-01-27 15:47:34.532 [cefctrl] INFO: [client] Local Socket Name is /tmp/cef_9695.2
2026-01-27 15:47:34.532 [cefctrl] INFO: [client] Listen Port is 9695
done. (cefroute)
2026-01-27 15:47:34.538 [cefctrl] INFO: [client] Config directory is ./h2
2026-01-27 15:47:34.538 [cefctrl] INFO: [client] Local Socket Name is /tmp/cef_9695.2
2026-01-27 15:47:34.538 [cefctrl] INFO: [client] Listen Port is 9695
done. (cefroute)
2026-01-27 15:47:34.545 [cefctrl] INFO: [client] Config directory is ./h2
2026-01-27 15:47:34.545 [cefctrl] INFO: [client] Local Socket Name is /tmp/cef_9695.2
2026-01-27 15:47:34.545 [cefctrl] INFO: [client] Listen Port is 9695
done. (cefroute)
2026-01-27 15:47:34.552 [cefctrl] INFO: [client] Config directory is ./h2
2026-01-27 15:47:34.552 [cefctrl] INFO: [client] Local Socket Name is /tmp/cef_9695.2
2026-01-27 15:47:34.552 [cefctrl] INFO: [client] Listen Port is 9695
done. (cefroute)
2026-01-27 15:47:34.558 [cefctrl] INFO: [client] Config directory is ./h2
2026-01-27 15:47:34.558 [cefctrl] INFO: [client] Local Socket Name is /tmp/cef_9695.2
2026-01-27 15:47:34.558 [cefctrl] INFO: [client] Listen Port is 9695
done. (cefroute)
2026-01-27 15:47:34.565 [cefctrl] INFO: [client] Config directory is ./h2
2026-01-27 15:47:34.565 [cefctrl] INFO: [client] Local Socket Name is /tmp/cef_9695.2
2026-01-27 15:47:34.565 [cefctrl] INFO: [client] Listen Port is 9695
done. (cefroute)
2026-01-27 15:47:34.572 [cefctrl] INFO: [client] Config directory is ./h2
2026-01-27 15:47:34.572 [cefctrl] INFO: [client] Local Socket Name is /tmp/cef_9695.2
2026-01-27 15:47:34.572 [cefctrl] INFO: [client] Listen Port is 9695
done. (cefroute)
2026-01-27 15:47:34.579 [cefctrl] INFO: [client] Config directory is ./h2
2026-01-27 15:47:34.579 [cefctrl] INFO: [client] Local Socket Name is /tmp/cef_9695.2
2026-01-27 15:47:34.579 [cefctrl] INFO: [client] Listen Port is 9695
done. (cefroute)
h5 command: ifconfig h5-eth0 192.168.1.6
h7 command: ifconfig h7-eth0 192.168.1.8
h2 command: ifconfig h2-eth0 192.168.2.3
h3 command: ifconfig h3-eth0 192.168.2.4
h0 command: ifconfig h0-eth0 192.168.3.1
h6 command: ifconfig h6-eth0 192.168.3.7
h1 command: ifconfig h1-eth0 192.168.4.2
h4 command: ifconfig h4-eth0 192.168.4.5
h1 command: ifconfig h1-eth1 192.168.5.2
h5 command: ifconfig h5-eth1 192.168.5.6
h3 command: ifconfig h3-eth1 192.168.6.4
h5 command: ifconfig h5-eth2 192.168.6.6
h1 command: ifconfig h1-eth2 192.168.7.2
h3 command: ifconfig h3-eth2 192.168.7.4
h4 command: ifconfig h4-eth1 192.168.8.5
h7 command: ifconfig h7-eth1 192.168.8.8
h1 command: ifconfig h1-eth3 192.168.9.2
h6 command: ifconfig h6-eth1 192.168.9.7
h2 command: ifconfig h2-eth1 192.168.10.3
h6 command: ifconfig h6-eth2 192.168.10.7
h0 command: ifconfig h0-eth1 192.168.11.1
h5 command: ifconfig h5-eth3 192.168.11.6
h3 command: ifconfig h3-eth3 192.168.12.4
h4 command: ifconfig h4-eth2 192.168.12.5
h3 command: ifconfig h3-eth4 192.168.13.4
h7 command: ifconfig h7-eth2 192.168.13.8
h0 command: ifconfig h0-eth2 192.168.14.1
h1 command: ifconfig h1-eth4 192.168.14.2
h0 command: ifconfig h0-eth3 192.168.15.1
h4 command: ifconfig h4-eth3 192.168.15.5
h4 command: ifconfig h4-eth4 192.168.16.5
h6 command: ifconfig h6-eth3 192.168.16.7
h5 command: ifconfig h5-eth4 192.168.17.6
h6 command: ifconfig h6-eth4 192.168.17.7
h1 command: ifconfig h1-eth5 192.168.18.2
h2 command: ifconfig h2-eth2 192.168.18.3
h2 command: ifconfig h2-eth3 192.168.19.3
h4 command: ifconfig h4-eth5 192.168.19.5
h2 command: ifconfig h2-eth4 192.168.20.3
h7 command: ifconfig h7-eth3 192.168.20.8
h1 command: csmgrdstart -d ./h1 > h1-csmgrd-log 2>&1
h3 command: csmgrdstart -d ./h3 > h3-csmgrd-log 2>&1
h5 command: csmgrdstart -d ./h5 > h5-csmgrd-log 2>&1
h7 command: csmgrdstart -d ./h7 > h7-csmgrd-log 2>&1
h0 command: cefnetdstart -d ./h0 > h0-cefnetd-log 2>&1
h1 command: cefnetdstart -d ./h1 > h1-cefnetd-log 2>&1
h2 command: cefnetdstart -d ./h2 > h2-cefnetd-log 2>&1
h3 command: cefnetdstart -d ./h3 > h3-cefnetd-log 2>&1
h4 command: cefnetdstart -d ./h4 > h4-cefnetd-log 2>&1
h5 command: cefnetdstart -d ./h5 > h5-cefnetd-log 2>&1
h6 command: cefnetdstart -d ./h6 > h6-cefnetd-log 2>&1
h7 command: cefnetdstart -d ./h7 > h7-cefnetd-log 2>&1
h0 command: cefroute add ccnx:/test/example2 udp 192.168.14.2 -d ./h0
h0 command: cefroute add ccnx:/test/example2 udp 192.168.15.5 -d ./h0
h0 command: cefroute add ccnx:/test/example2 udp 192.168.11.6 -d ./h0
h0 command: cefroute add ccnx:/test/example2 udp 192.168.3.7 -d ./h0
h0 command: cefroute add ccnx:/test/example3 udp 192.168.14.2 -d ./h0
h0 command: cefroute add ccnx:/test/example3 udp 192.168.15.5 -d ./h0
h0 command: cefroute add ccnx:/test/example3 udp 192.168.3.7 -d ./h0
h0 command: cefroute add ccnx:/test/example3 udp 192.168.11.6 -d ./h0
h0 command: cefroute add ccnx:/test/example4 udp 192.168.14.2 -d ./h0
h0 command: cefroute add ccnx:/test/example4 udp 192.168.15.5 -d ./h0
h0 command: cefroute add ccnx:/test/example4 udp 192.168.11.6 -d ./h0
h0 command: cefroute add ccnx:/test/example4 udp 192.168.3.7 -d ./h0
h0 command: cefroute add ccnx:/test/example5 udp 192.168.15.5 -d ./h0
h0 command: cefroute add ccnx:/test/example5 udp 192.168.14.2 -d ./h0
h0 command: cefroute add ccnx:/test/example5 udp 192.168.3.7 -d ./h0
h0 command: cefroute add ccnx:/test/example5 udp 192.168.11.6 -d ./h0
h0 command: cefroute add ccnx:/test/example6 udp 192.168.11.6 -d ./h0
h0 command: cefroute add ccnx:/test/example6 udp 192.168.14.2 -d ./h0
h0 command: cefroute add ccnx:/test/example6 udp 192.168.3.7 -d ./h0
h0 command: cefroute add ccnx:/test/example6 udp 192.168.15.5 -d ./h0
h0 command: cefroute add ccnx:/test/example7 udp 192.168.3.7 -d ./h0
h0 command: cefroute add ccnx:/test/example7 udp 192.168.14.2 -d ./h0
h0 command: cefroute add ccnx:/test/example7 udp 192.168.15.5 -d ./h0
h0 command: cefroute add ccnx:/test/example7 udp 192.168.11.6 -d ./h0
h0 command: cefroute add ccnx:/test/example8 udp 192.168.15.5 -d ./h0
h0 command: cefroute add ccnx:/test/example8 udp 192.168.11.6 -d ./h0
h0 command: cefroute add ccnx:/test/example8 udp 192.168.14.2 -d ./h0
h0 command: cefroute add ccnx:/test/example8 udp 192.168.3.7 -d ./h0
h1 command: cefroute add ccnx:/test/example1 udp 192.168.14.1 -d ./h1
h1 command: cefroute add ccnx:/test/example1 udp 192.168.4.5 -d ./h1
h1 command: cefroute add ccnx:/test/example1 udp 192.168.5.6 -d ./h1
h1 command: cefroute add ccnx:/test/example1 udp 192.168.9.7 -d ./h1
h1 command: cefroute add ccnx:/test/example3 udp 192.168.18.3 -d ./h1
h1 command: cefroute add ccnx:/test/example3 udp 192.168.7.4 -d ./h1
h1 command: cefroute add ccnx:/test/example3 udp 192.168.4.5 -d ./h1
h1 command: cefroute add ccnx:/test/example3 udp 192.168.9.7 -d ./h1
h1 command: cefroute add ccnx:/test/example4 udp 192.168.7.4 -d ./h1
h1 command: cefroute add ccnx:/test/example4 udp 192.168.18.3 -d ./h1
h1 command: cefroute add ccnx:/test/example4 udp 192.168.4.5 -d ./h1
h1 command: cefroute add ccnx:/test/example4 udp 192.168.5.6 -d ./h1
h1 command: cefroute add ccnx:/test/example5 udp 192.168.4.5 -d ./h1
h1 command: cefroute add ccnx:/test/example5 udp 192.168.14.1 -d ./h1
h1 command: cefroute add ccnx:/test/example5 udp 192.168.18.3 -d ./h1
h1 command: cefroute add ccnx:/test/example5 udp 192.168.7.4 -d ./h1
h1 command: cefroute add ccnx:/test/example6 udp 192.168.5.6 -d ./h1
h1 command: cefroute add ccnx:/test/example6 udp 192.168.14.1 -d ./h1
h1 command: cefroute add ccnx:/test/example6 udp 192.168.7.4 -d ./h1
h1 command: cefroute add ccnx:/test/example6 udp 192.168.9.7 -d ./h1
h1 command: cefroute add ccnx:/test/example7 udp 192.168.9.7 -d ./h1
h1 command: cefroute add ccnx:/test/example7 udp 192.168.14.1 -d ./h1
h1 command: cefroute add ccnx:/test/example7 udp 192.168.18.3 -d ./h1
h1 command: cefroute add ccnx:/test/example7 udp 192.168.4.5 -d ./h1
h1 command: cefroute add ccnx:/test/example8 udp 192.168.18.3 -d ./h1
h1 command: cefroute add ccnx:/test/example8 udp 192.168.7.4 -d ./h1
h1 command: cefroute add ccnx:/test/example8 udp 192.168.4.5 -d ./h1
h1 command: cefroute add ccnx:/test/example8 udp 192.168.5.6 -d ./h1
h2 command: cefroute add ccnx:/test/example1 udp 192.168.18.2 -d ./h2
h2 command: cefroute add ccnx:/test/example1 udp 192.168.19.5 -d ./h2
h2 command: cefroute add ccnx:/test/example1 udp 192.168.10.7 -d ./h2
h2 command: cefroute add ccnx:/test/example1 udp 192.168.2.4 -d ./h2
h2 command: cefroute add ccnx:/test/example2 udp 192.168.18.2 -d ./h2
h2 command: cefroute add ccnx:/test/example2 udp 192.168.2.4 -d ./h2
h2 command: cefroute add ccnx:/test/example2 udp 192.168.19.5 -d ./h2
h2 command: cefroute add ccnx:/test/example2 udp 192.168.10.7 -d ./h2
h2 command: cefroute add ccnx:/test/example4 udp 192.168.2.4 -d ./h2
h2 command: cefroute add ccnx:/test/example4 udp 192.168.18.2 -d ./h2
h2 command: cefroute add ccnx:/test/example4 udp 192.168.19.5 -d ./h2
h2 command: cefroute add ccnx:/test/example4 udp 192.168.20.8 -d ./h2
h2 command: cefroute add ccnx:/test/example5 udp 192.168.19.5 -d ./h2
h2 command: cefroute add ccnx:/test/example5 udp 192.168.18.2 -d ./h2
h2 command: cefroute add ccnx:/test/example5 udp 192.168.2.4 -d ./h2
h2 command: cefroute add ccnx:/test/example5 udp 192.168.10.7 -d ./h2
h2 command: cefroute add ccnx:/test/example6 udp 192.168.18.2 -d ./h2
h2 command: cefroute add ccnx:/test/example6 udp 192.168.2.4 -d ./h2
h2 command: cefroute add ccnx:/test/example6 udp 192.168.10.7 -d ./h2
h2 command: cefroute add ccnx:/test/example6 udp 192.168.20.8 -d ./h2
h2 command: cefroute add ccnx:/test/example7 udp 192.168.10.7 -d ./h2
h2 command: cefroute add ccnx:/test/example7 udp 192.168.18.2 -d ./h2
h2 command: cefroute add ccnx:/test/example7 udp 192.168.19.5 -d ./h2
h2 command: cefroute add ccnx:/test/example7 udp 192.168.2.4 -d ./h2
h2 command: cefroute add ccnx:/test/example8 udp 192.168.20.8 -d ./h2
h2 command: cefroute add ccnx:/test/example8 udp 192.168.2.4 -d ./h2
h2 command: cefroute add ccnx:/test/example8 udp 192.168.19.5 -d ./h2
h2 command: cefroute add ccnx:/test/example8 udp 192.168.18.2 -d ./h2
h3 command: 2026-01-27 15:47:34.585 [cefctrl] INFO: [client] Config directory is ./h3
2026-01-27 15:47:34.586 [cefctrl] INFO: [client] Local Socket Name is /tmp/cef_9695.3
2026-01-27 15:47:34.586 [cefctrl] INFO: [client] Listen Port is 9695
done. (cefroute)
2026-01-27 15:47:34.592 [cefctrl] INFO: [client] Config directory is ./h3
2026-01-27 15:47:34.592 [cefctrl] INFO: [client] Local Socket Name is /tmp/cef_9695.3
2026-01-27 15:47:34.592 [cefctrl] INFO: [client] Listen Port is 9695
done. (cefroute)
2026-01-27 15:47:34.598 [cefctrl] INFO: [client] Config directory is ./h3
2026-01-27 15:47:34.598 [cefctrl] INFO: [client] Local Socket Name is /tmp/cef_9695.3
2026-01-27 15:47:34.598 [cefctrl] INFO: [client] Listen Port is 9695
done. (cefroute)
2026-01-27 15:47:34.605 [cefctrl] INFO: [client] Config directory is ./h3
2026-01-27 15:47:34.605 [cefctrl] INFO: [client] Local Socket Name is /tmp/cef_9695.3
2026-01-27 15:47:34.605 [cefctrl] INFO: [client] Listen Port is 9695
done. (cefroute)
2026-01-27 15:47:34.612 [cefctrl] INFO: [client] Config directory is ./h3
2026-01-27 15:47:34.612 [cefctrl] INFO: [client] Local Socket Name is /tmp/cef_9695.3
2026-01-27 15:47:34.612 [cefctrl] INFO: [client] Listen Port is 9695
done. (cefroute)
2026-01-27 15:47:34.618 [cefctrl] INFO: [client] Config directory is ./h3
2026-01-27 15:47:34.618 [cefctrl] INFO: [client] Local Socket Name is /tmp/cef_9695.3
2026-01-27 15:47:34.618 [cefctrl] INFO: [client] Listen Port is 9695
done. (cefroute)
2026-01-27 15:47:34.624 [cefctrl] INFO: [client] Config directory is ./h3
2026-01-27 15:47:34.624 [cefctrl] INFO: [client] Local Socket Name is /tmp/cef_9695.3
2026-01-27 15:47:34.624 [cefctrl] INFO: [client] Listen Port is 9695
done. (cefroute)
2026-01-27 15:47:34.630 [cefctrl] INFO: [client] Config directory is ./h3
2026-01-27 15:47:34.630 [cefctrl] INFO: [client] Local Socket Name is /tmp/cef_9695.3
2026-01-27 15:47:34.630 [cefctrl] INFO: [client] Listen Port is 9695
done. (cefroute)
2026-01-27 15:47:34.637 [cefctrl] INFO: [client] Config directory is ./h3
2026-01-27 15:47:34.637 [cefctrl] INFO: [client] Local Socket Name is /tmp/cef_9695.3
2026-01-27 15:47:34.637 [cefctrl] INFO: [client] Listen Port is 9695
done. (cefroute)
2026-01-27 15:47:34.643 [cefctrl] INFO: [client] Config directory is ./h3
2026-01-27 15:47:34.643 [cefctrl] INFO: [client] Local Socket Name is /tmp/cef_9695.3
2026-01-27 15:47:34.643 [cefctrl] INFO: [client] Listen Port is 9695
done. (cefroute)
2026-01-27 15:47:34.648 [cefctrl] INFO: [client] Config directory is ./h3
2026-01-27 15:47:34.648 [cefctrl] INFO: [client] Local Socket Name is /tmp/cef_9695.3
2026-01-27 15:47:34.648 [cefctrl] INFO: [client] Listen Port is 9695
done. (cefroute)
2026-01-27 15:47:34.654 [cefctrl] INFO: [client] Config directory is ./h3
2026-01-27 15:47:34.654 [cefctrl] INFO: [client] Local Socket Name is /tmp/cef_9695.3
2026-01-27 15:47:34.654 [cefctrl] INFO: [client] Listen Port is 9695
done. (cefroute)
2026-01-27 15:47:34.660 [cefctrl] INFO: [client] Config directory is ./h3
2026-01-27 15:47:34.660 [cefctrl] INFO: [client] Local Socket Name is /tmp/cef_9695.3
2026-01-27 15:47:34.660 [cefctrl] INFO: [client] Listen Port is 9695
done. (cefroute)
2026-01-27 15:47:34.667 [cefctrl] INFO: [client] Config directory is ./h3
2026-01-27 15:47:34.667 [cefctrl] INFO: [client] Local Socket Name is /tmp/cef_9695.3
2026-01-27 15:47:34.667 [cefctrl] INFO: [client] Listen Port is 9695
done. (cefroute)
2026-01-27 15:47:34.674 [cefctrl] INFO: [client] Config directory is ./h3
2026-01-27 15:47:34.674 [cefctrl] INFO: [client] Local Socket Name is /tmp/cef_9695.3
2026-01-27 15:47:34.674 [cefctrl] INFO: [client] Listen Port is 9695
done. (cefroute)
2026-01-27 15:47:34.681 [cefctrl] INFO: [client] Config directory is ./h3
2026-01-27 15:47:34.681 [cefctrl] INFO: [client] Local Socket Name is /tmp/cef_9695.3
2026-01-27 15:47:34.681 [cefctrl] INFO: [client] Listen Port is 9695
done. (cefroute)
2026-01-27 15:47:34.687 [cefctrl] INFO: [client] Config directory is ./h3
2026-01-27 15:47:34.687 [cefctrl] INFO: [client] Local Socket Name is /tmp/cef_9695.3
2026-01-27 15:47:34.687 [cefctrl] INFO: [client] Listen Port is 9695
done. (cefroute)
2026-01-27 15:47:34.692 [cefctrl] INFO: [client] Config directory is ./h3
2026-01-27 15:47:34.693 [cefctrl] INFO: [client] Local Socket Name is /tmp/cef_9695.3
2026-01-27 15:47:34.693 [cefctrl] INFO: [client] Listen Port is 9695
done. (cefroute)
2026-01-27 15:47:34.698 [cefctrl] INFO: [client] Config directory is ./h3
2026-01-27 15:47:34.698 [cefctrl] INFO: [client] Local Socket Name is /tmp/cef_9695.3
2026-01-27 15:47:34.698 [cefctrl] INFO: [client] Listen Port is 9695
done. (cefroute)
2026-01-27 15:47:34.704 [cefctrl] INFO: [client] Config directory is ./h3
2026-01-27 15:47:34.705 [cefctrl] INFO: [client] Local Socket Name is /tmp/cef_9695.3
2026-01-27 15:47:34.705 [cefctrl] INFO: [client] Listen Port is 9695
done. (cefroute)
2026-01-27 15:47:34.710 [cefctrl] INFO: [client] Config directory is ./h3
2026-01-27 15:47:34.711 [cefctrl] INFO: [client] Local Socket Name is /tmp/cef_9695.3
2026-01-27 15:47:34.711 [cefctrl] INFO: [client] Listen Port is 9695
done. (cefroute)
2026-01-27 15:47:34.717 [cefctrl] INFO: [client] Config directory is ./h3
2026-01-27 15:47:34.717 [cefctrl] INFO: [client] Local Socket Name is /tmp/cef_9695.3
2026-01-27 15:47:34.717 [cefctrl] INFO: [client] Listen Port is 9695
done. (cefroute)
2026-01-27 15:47:34.723 [cefctrl] INFO: [client] Config directory is ./h3
2026-01-27 15:47:34.723 [cefctrl] INFO: [client] Local Socket Name is /tmp/cef_9695.3
2026-01-27 15:47:34.723 [cefctrl] INFO: [client] Listen Port is 9695
done. (cefroute)
2026-01-27 15:47:34.730 [cefctrl] INFO: [client] Config directory is ./h3
2026-01-27 15:47:34.730 [cefctrl] INFO: [client] Local Socket Name is /tmp/cef_9695.3
2026-01-27 15:47:34.730 [cefctrl] INFO: [client] Listen Port is 9695
done. (cefroute)
2026-01-27 15:47:34.737 [cefctrl] INFO: [client] Config directory is ./h3
2026-01-27 15:47:34.737 [cefctrl] INFO: [client] Local Socket Name is /tmp/cef_9695.3
2026-01-27 15:47:34.737 [cefctrl] INFO: [client] Listen Port is 9695
done. (cefroute)
2026-01-27 15:47:34.743 [cefctrl] INFO: [client] Config directory is ./h3
2026-01-27 15:47:34.743 [cefctrl] INFO: [client] Local Socket Name is /tmp/cef_9695.3
2026-01-27 15:47:34.743 [cefctrl] INFO: [client] Listen Port is 9695
done. (cefroute)
2026-01-27 15:47:34.750 [cefctrl] INFO: [client] Config directory is ./h3
2026-01-27 15:47:34.750 [cefctrl] INFO: [client] Local Socket Name is /tmp/cef_9695.3
2026-01-27 15:47:34.750 [cefctrl] INFO: [client] Listen Port is 9695
done. (cefroute)
2026-01-27 15:47:34.756 [cefctrl] INFO: [client] Config directory is ./h3
2026-01-27 15:47:34.757 [cefctrl] INFO: [client] Local Socket Name is /tmp/cef_9695.3
2026-01-27 15:47:34.757 [cefctrl] INFO: [client] Listen Port is 9695
done. (cefroute)
2026-01-27 15:47:34.764 [cefctrl] INFO: [client] Config directory is ./h4
2026-01-27 15:47:34.764 [cefctrl] INFO: [client] Local Socket Name is /tmp/cef_9695.4
2026-01-27 15:47:34.764 [cefctrl] INFO: [client] Listen Port is 9695
done. (cefroute)
2026-01-27 15:47:34.771 [cefctrl] INFO: [client] Config directory is ./h4
2026-01-27 15:47:34.771 [cefctrl] INFO: [client] Local Socket Name is /tmp/cef_9695.4
2026-01-27 15:47:34.771 [cefctrl] INFO: [client] Listen Port is 9695
done. (cefroute)
2026-01-27 15:47:34.777 [cefctrl] INFO: [client] Config directory is ./h4
2026-01-27 15:47:34.777 [cefctrl] INFO: [client] Local Socket Name is /tmp/cef_9695.4
2026-01-27 15:47:34.777 [cefctrl] INFO: [client] Listen Port is 9695
done. (cefroute)
2026-01-27 15:47:34.783 [cefctrl] INFO: [client] Config directory is ./h4
2026-01-27 15:47:34.783 [cefctrl] INFO: [client] Local Socket Name is /tmp/cef_9695.4
2026-01-27 15:47:34.783 [cefctrl] INFO: [client] Listen Port is 9695
done. (cefroute)
2026-01-27 15:47:34.789 [cefctrl] INFO: [client] Config directory is ./h4
2026-01-27 15:47:34.789 [cefctrl] INFO: [client] Local Socket Name is /tmp/cef_9695.4
2026-01-27 15:47:34.789 [cefctrl] INFO: [client] Listen Port is 9695
done. (cefroute)
2026-01-27 15:47:34.795 [cefctrl] INFO: [client] Config directory is ./h4
2026-01-27 15:47:34.795 [cefctrl] INFO: [client] Local Socket Name is /tmp/cef_9695.4
2026-01-27 15:47:34.795 [cefctrl] INFO: [client] Listen Port is 9695
done. (cefroute)
2026-01-27 15:47:34.800 [cefctrl] INFO: [client] Config directory is ./h4
2026-01-27 15:47:34.801 [cefctrl] INFO: [client] Local Socket Name is /tmp/cef_9695.4
2026-01-27 15:47:34.801 [cefctrl] INFO: [client] Listen Port is 9695
done. (cefroute)
2026-01-27 15:47:34.806 [cefctrl] INFO: [client] Config directory is ./h4
2026-01-27 15:47:34.806 [cefctrl] INFO: [client] Local Socket Name is /tmp/cef_9695.4
2026-01-27 15:47:34.806 [cefctrl] INFO: [client] Listen Port is 9695
done. (cefroute)
2026-01-27 15:47:34.812 [cefctrl] INFO: [client] Config directory is ./h4
2026-01-27 15:47:34.812 [cefctrl] INFO: [client] Local Socket Name is /tmp/cef_9695.4
2026-01-27 15:47:34.812 [cefctrl] INFO: [client] Listen Port is 9695
done. (cefroute)
2026-01-27 15:47:34.818 [cefctrl] INFO: [client] Config directory is ./h4
2026-01-27 15:47:34.818 [cefctrl] INFO: [client] Local Socket Name is /tmp/cef_9695.4
2026-01-27 15:47:34.818 [cefctrl] INFO: [client] Listen Port is 9695
done. (cefroute)
2026-01-27 15:47:34.823 [cefctrl] INFO: [client] Config directory is ./h4
2026-01-27 15:47:34.824 [cefctrl] INFO: [client] Local Socket Name is /tmp/cef_9695.4
2026-01-27 15:47:34.824 [cefctrl] INFO: [client] Listen Port is 9695
done. (cefroute)
2026-01-27 15:47:34.829 [cefctrl] INFO: [client] Config directory is ./h4
2026-01-27 15:47:34.829 [cefctrl] INFO: [client] Local Socket Name is /tmp/cef_9695.4
2026-01-27 15:47:34.829 [cefctrl] INFO: [client] Listen Port is 9695
done. (cefroute)
2026-01-27 15:47:34.835 [cefctrl] INFO: [client] Config directory is ./h4
2026-01-27 15:47:34.835 [cefctrl] INFO: [client] Local Socket Name is /tmp/cef_9695.4
2026-01-27 15:47:34.835 [cefctrl] INFO: [client] Listen Port is 9695
done. (cefroute)
2026-01-27 15:47:34.841 [cefctrl] INFO: [client] Config directory is ./h4
2026-01-27 15:47:34.841 [cefctrl] INFO: [client] Local Socket Name is /tmp/cef_9695.4
2026-01-27 15:47:34.841 [cefctrl] INFO: [client] Listen Port is 9695
done. (cefroute)
2026-01-27 15:47:34.847 [cefctrl] INFO: [client] Config directory is ./h4
2026-01-27 15:47:34.847 [cefctrl] INFO: [client] Local Socket Name is /tmp/cef_9695.4
2026-01-27 15:47:34.848 [cefctrl] INFO: [client] Listen Port is 9695
done. (cefroute)
2026-01-27 15:47:34.854 [cefctrl] INFO: [client] Config directory is ./h4
2026-01-27 15:47:34.854 [cefctrl] INFO: [client] Local Socket Name is /tmp/cef_9695.4
2026-01-27 15:47:34.854 [cefctrl] INFO: [client] Listen Port is 9695
done. (cefroute)
2026-01-27 15:47:34.859 [cefctrl] INFO: [client] Config directory is ./h4
2026-01-27 15:47:34.860 [cefctrl] INFO: [client] Local Socket Name is /tmp/cef_9695.4
2026-01-27 15:47:34.860 [cefctrl] INFO: [client] Listen Port is 9695
done. (cefroute)
2026-01-27 15:47:34.865 [cefctrl] INFO: [client] Config directory is ./h4
2026-01-27 15:47:34.865 [cefctrl] INFO: [client] Local Socket Name is /tmp/cef_9695.4
2026-01-27 15:47:34.865 [cefctrl] INFO: [client] Listen Port is 9695
done. (cefroute)
2026-01-27 15:47:34.871 [cefctrl] INFO: [client] Config directory is ./h4
2026-01-27 15:47:34.871 [cefctrl] INFO: [client] Local Socket Name is /tmp/cef_9695.4
2026-01-27 15:47:34.871 [cefctrl] INFO: [client] Listen Port is 9695
done. (cefroute)
2026-01-27 15:47:34.876 [cefctrl] INFO: [client] Config directory is ./h4
2026-01-27 15:47:34.876 [cefctrl] INFO: [client] Local Socket Name is /tmp/cef_9695.4
2026-01-27 15:47:34.876 [cefctrl] INFO: [client] Listen Port is 9695
done. (cefroute)
2026-01-27 15:47:34.882 [cefctrl] INFO: [client] Config directory is ./h4
2026-01-27 15:47:34.883 [cefctrl] INFO: [client] Local Socket Name is /tmp/cef_9695.4
2026-01-27 15:47:34.883 [cefctrl] INFO: [client] Listen Port is 9695
done. (cefroute)
2026-01-27 15:47:34.888 [cefctrl] INFO: [client] Config directory is ./h4
2026-01-27 15:47:34.888 [cefctrl] INFO: [client] Local Socket Name is /tmp/cef_9695.4
2026-01-27 15:47:34.888 [cefctrl] INFO: [client] Listen Port is 9695
done. (cefroute)
2026-01-27 15:47:34.894 [cefctrl] INFO: [client] Config directory is ./h4
2026-01-27 15:47:34.894 [cefctrl] INFO: [client] Local Socket Name is /tmp/cef_9695.4
2026-01-27 15:47:34.894 [cefctrl] INFO: [client] Listen Port is 9695
done. (cefroute)
2026-01-27 15:47:34.900 [cefctrl] INFO: [client] Config directory is ./h4
2026-01-27 15:47:34.900 [cefctrl] INFO: [client] Local Socket Name is /tmp/cef_9695.4
2026-01-27 15:47:34.900 [cefctrl] INFO: [client] Listen Port is 9695
done. (cefroute)
2026-01-27 15:47:34.906 [cefctrl] INFO: [client] Config directory is ./h4
2026-01-27 15:47:34.906 [cefctrl] INFO: [client] Local Socket Name is /tmp/cef_9695.4
2026-01-27 15:47:34.906 [cefctrl] INFO: [client] Listen Port is 9695
done. (cefroute)
2026-01-27 15:47:34.912 [cefctrl] INFO: [client] Config directory is ./h4
2026-01-27 15:47:34.912 [cefctrl] INFO: [client] Local Socket Name is /tmp/cef_9695.4
2026-01-27 15:47:34.912 [cefctrl] INFO: [client] Listen Port is 9695
done. (cefroute)
2026-01-27 15:47:34.918 [cefctrl] INFO: [client] Config directory is ./h4
2026-01-27 15:47:34.918 [cefctrl] INFO: [client] Local Socket Name is /tmp/cef_9695.4
2026-01-27 15:47:34.918 [cefctrl] INFO: [client] Listen Port is 9695
done. (cefroute)
2026-01-27 15:47:34.924 [cefctrl] INFO: [client] Config directory is ./h4
2026-01-27 15:47:34.924 [cefctrl] INFO: [client] Local Socket Name is /tmp/cef_9695.4
2026-01-27 15:47:34.924 [cefctrl] INFO: [client] Listen Port is 9695
done. (cefroute)
2026-01-27 15:47:34.930 [cefctrl] INFO: [client] Config directory is ./h5
2026-01-27 15:47:34.930 [cefctrl] INFO: [client] Local Socket Name is /tmp/cef_9695.5
2026-01-27 15:47:34.930 [cefctrl] INFO: [client] Listen Port is 9695
done. (cefroute)
2026-01-27 15:47:34.936 [cefctrl] INFO: [client] Config directory is ./h5
2026-01-27 15:47:34.936 [cefctrl] INFO: [client] Local Socket Name is /tmp/cef_9695.5
2026-01-27 15:47:34.936 [cefctrl] INFO: [client] Listen Port is 9695
done. (cefroute)
2026-01-27 15:47:34.943 [cefctrl] INFO: [client] Config directory is ./h5
2026-01-27 15:47:34.943 [cefctrl] INFO: [client] Local Socket Name is /tmp/cef_9695.5
2026-01-27 15:47:34.943 [cefctrl] INFO: [client] Listen Port is 9695
done. (cefroute)
2026-01-27 15:47:34.949 [cefctrl] INFO: [client] Config directory is ./h5
2026-01-27 15:47:34.949 [cefctrl] INFO: [client] Local Socket Name is /tmp/cef_9695.5
2026-01-27 15:47:34.949 [cefctrl] INFO: [client] Listen Port is 9695
done. (cefroute)
2026-01-27 15:47:34.954 [cefctrl] INFO: [client] Config directory is ./h5
2026-01-27 15:47:34.954 [cefctrl] INFO: [client] Local Socket Name is /tmp/cef_9695.5
2026-01-27 15:47:34.954 [cefctrl] INFO: [client] Listen Port is 9695
done. (cefroute)
2026-01-27 15:47:34.960 [cefctrl] INFO: [client] Config directory is ./h5
2026-01-27 15:47:34.960 [cefctrl] INFO: [client] Local Socket Name is /tmp/cef_9695.5
2026-01-27 15:47:34.960 [cefctrl] INFO: [client] Listen Port is 9695
done. (cefroute)
2026-01-27 15:47:34.965 [cefctrl] INFO: [client] Config directory is ./h5
2026-01-27 15:47:34.965 [cefctrl] INFO: [client] Local Socket Name is /tmp/cef_9695.5
2026-01-27 15:47:34.965 [cefctrl] INFO: [client] Listen Port is 9695
done. (cefroute)
2026-01-27 15:47:34.971 [cefctrl] INFO: [client] Config directory is ./h5
2026-01-27 15:47:34.971 [cefctrl] INFO: [client] Local Socket Name is /tmp/cef_9695.5
2026-01-27 15:47:34.971 [cefctrl] INFO: [client] Listen Port is 9695
done. (cefroute)
2026-01-27 15:47:34.977 [cefctrl] INFO: [client] Config directory is ./h5
2026-01-27 15:47:34.977 [cefctrl] INFO: [client] Local Socket Name is /tmp/cef_9695.5
2026-01-27 15:47:34.977 [cefctrl] INFO: [client] Listen Port is 9695
done. (cefroute)
2026-01-27 15:47:34.983 [cefctrl] INFO: [client] Config directory is ./h5
2026-01-27 15:47:34.983 [cefctrl] INFO: [client] Local Socket Name is /tmp/cef_9695.5
2026-01-27 15:47:34.983 [cefctrl] INFO: [client] Listen Port is 9695
done. (cefroute)
2026-01-27 15:47:34.989 [cefctrl] INFO: [client] Config directory is ./h5
2026-01-27 15:47:34.989 [cefctrl] INFO: [client] Local Socket Name is /tmp/cef_9695.5
2026-01-27 15:47:34.989 [cefctrl] INFO: [client] Listen Port is 9695
done. (cefroute)
2026-01-27 15:47:34.994 [cefctrl] INFO: [client] Config directory is ./h5
2026-01-27 15:47:34.995 [cefctrl] INFO: [client] Local Socket Name is /tmp/cef_9695.5
2026-01-27 15:47:34.995 [cefctrl] INFO: [client] Listen Port is 9695
done. (cefroute)
2026-01-27 15:47:34.000 [cefctrl] INFO: [client] Config directory is ./h5
2026-01-27 15:47:34.000 [cefctrl] INFO: [client] Local Socket Name is /tmp/cef_9695.5
2026-01-27 15:47:34.000 [cefctrl] INFO: [client] Listen Port is 9695
done. (cefroute)
2026-01-27 15:47:35.007 [cefctrl] INFO: [client] Config directory is ./h5
2026-01-27 15:47:35.007 [cefctrl] INFO: [client] Local Socket Name is /tmp/cef_9695.5
2026-01-27 15:47:35.007 [cefctrl] INFO: [client] Listen Port is 9695
done. (cefroute)
2026-01-27 15:47:35.012 [cefctrl] INFO: [client] Config directory is ./h5
2026-01-27 15:47:35.012 [cefctrl] INFO: [client] Local Socket Name is /tmp/cef_9695.5
2026-01-27 15:47:35.012 [cefctrl] INFO: [client] Listen Port is 9695
done. (cefroute)
2026-01-27 15:47:35.018 [cefctrl] INFO: [client] Config directory is ./h5
2026-01-27 15:47:35.018 [cefctrl] INFO: [client] Local Socket Name is /tmp/cef_9695.5
2026-01-27 15:47:35.018 [cefctrl] INFO: [client] Listen Port is 9695
done. (cefroute)
2026-01-27 15:47:35.023 [cefctrl] INFO: [client] Config directory is ./h5
2026-01-27 15:47:35.024 [cefctrl] INFO: [client] Local Socket Name is /tmp/cef_9695.5
2026-01-27 15:47:35.024 [cefctrl] INFO: [client] Listen Port is 9695
done. (cefroute)
2026-01-27 15:47:35.029 [cefctrl] INFO: [client] Config directory is ./h5
2026-01-27 15:47:35.029 [cefctrl] INFO: [client] Local Socket Name is /tmp/cef_9695.5
2026-01-27 15:47:35.029 [cefctrl] INFO: [client] Listen Port is 9695
done. (cefroute)
2026-01-27 15:47:35.035 [cefctrl] INFO: [client] Config directory is ./h5
2026-01-27 15:47:35.035 [cefctrl] INFO: [client] Local Socket Name is /tmp/cef_9695.5
2026-01-27 15:47:35.035 [cefctrl] INFO: [client] Listen Port is 9695
done. (cefroute)
2026-01-27 15:47:35.040 [cefctrl] INFO: [client] Config directory is ./h5
2026-01-27 15:47:35.041 [cefctrl] INFO: [client] Local Socket Name is /tmp/cef_9695.5
2026-01-27 15:47:35.041 [cefctrl] INFO: [client] Listen Port is 9695
done. (cefroute)
2026-01-27 15:47:35.046 [cefctrl] INFO: [client] Config directory is ./h5
2026-01-27 15:47:35.046 [cefctrl] INFO: [client] Local Socket Name is /tmp/cef_9695.5
2026-01-27 15:47:35.046 [cefctrl] INFO: [client] Listen Port is 9695
done. (cefroute)
2026-01-27 15:47:35.052 [cefctrl] INFO: [client] Config directory is ./h5
2026-01-27 15:47:35.052 [cefctrl] INFO: [client] Local Socket Name is /tmp/cef_9695.5
2026-01-27 15:47:35.052 [cefctrl] INFO: [client] Listen Port is 9695
done. (cefroute)
2026-01-27 15:47:35.058 [cefctrl] INFO: [client] Config directory is ./h5
2026-01-27 15:47:35.058 [cefctrl] INFO: [client] Local Socket Name is /tmp/cef_9695.5
2026-01-27 15:47:35.058 [cefctrl] INFO: [client] Listen Port is 9695
done. (cefroute)
2026-01-27 15:47:35.063 [cefctrl] INFO: [client] Config directory is ./h5
2026-01-27 15:47:35.063 [cefctrl] INFO: [client] Local Socket Name is /tmp/cef_9695.5
2026-01-27 15:47:35.063 [cefctrl] INFO: [client] Listen Port is 9695
done. (cefroute)
2026-01-27 15:47:35.070 [cefctrl] INFO: [client] Config directory is ./h5
2026-01-27 15:47:35.070 [cefctrl] INFO: [client] Local Socket Name is /tmp/cef_9695.5
2026-01-27 15:47:35.070 [cefctrl] INFO: [client] Listen Port is 9695
done. (cefroute)
2026-01-27 15:47:35.076 [cefctrl] INFO: [client] Config directory is ./h5
2026-01-27 15:47:35.076 [cefctrl] INFO: [client] Local Socket Name is /tmp/cef_9695.5
2026-01-27 15:47:35.076 [cefctrl] INFO: [client] Listen Port is 9695
done. (cefroute)
2026-01-27 15:47:35.082 [cefctrl] INFO: [client] Config directory is ./h5
2026-01-27 15:47:35.082 [cefctrl] INFO: [client] Local Socket Name is /tmp/cef_9695.5
2026-01-27 15:47:35.082 [cefctrl] INFO: [client] Listen Port is 9695
done. (cefroute)
2026-01-27 15:47:35.087 [cefctrl] INFO: [client] Config directory is ./h5
2026-01-27 15:47:35.088 [cefctrl] INFO: [client] Local Socket Name is /tmp/cef_9695.5
2026-01-27 15:47:35.088 [cefctrl] INFO: [client] Listen Port is 9695
done. (cefroute)
2026-01-27 15:47:35.094 [cefctrl] INFO: [client] Config directory is ./h6
2026-01-27 15:47:35.094 [cefctrl] INFO: [client] Local Socket Name is /tmp/cef_9695.6
2026-01-27 15:47:35.094 [cefctrl] INFO: [client] Listen Port is 9695
done. (cefroute)
2026-01-27 15:47:35.100 [cefctrl] INFO: [client] Config directory is ./h6
2026-01-27 15:47:35.100 [cefctrl] INFO: [client] Local Socket Name is /tmp/cef_9695.6
2026-01-27 15:47:35.100 [cefctrl] INFO: [client] Listen Port is 9695
done. (cefroute)
2026-01-27 15:47:35.107 [cefctrl] INFO: [client] Config directory is ./h6
2026-01-27 15:47:35.107 [cefctrl] INFO: [client] Local Socket Name is /tmp/cef_9695.6
2026-01-27 15:47:35.107 [cefctrl] INFO: [client] Listen Port is 9695
done. (cefroute)
2026-01-27 15:47:35.114 [cefctrl] INFO: [client] Config directory is ./h6
2026-01-27 15:47:35.114 [cefctrl] INFO: [client] Local Socket Name is /tmp/cef_9695.6
2026-01-27 15:47:35.114 [cefctrl] INFO: [client] Listen Port is 9695
done. (cefroute)
2026-01-27 15:47:35.120 [cefctrl] INFO: [client] Config directory is ./h6
2026-01-27 15:47:35.120 [cefctrl] INFO: [client] Local Socket Name is /tmp/cef_9695.6
2026-01-27 15:47:35.120 [cefctrl] INFO: [client] Listen Port is 9695
done. (cefroute)
2026-01-27 15:47:35.127 [cefctrl] INFO: [client] Config directory is ./h6
2026-01-27 15:47:35.127 [cefctrl] INFO: [client] Local Socket Name is /tmp/cef_9695.6
2026-01-27 15:47:35.127 [cefctrl] INFO: [client] Listen Port is 9695
done. (cefroute)
2026-01-27 15:47:35.133 [cefctrl] INFO: [client] Config directory is ./h6
2026-01-27 15:47:35.133 [cefctrl] INFO: [client] Local Socket Name is /tmp/cef_9695.6
2026-01-27 15:47:35.133 [cefctrl] INFO: [client] Listen Port is 9695
done. (cefroute)
2026-01-27 15:47:35.138 [cefctrl] INFO: [client] Config directory is ./h6
2026-01-27 15:47:35.138 [cefctrl] INFO: [client] Local Socket Name is /tmp/cef_9695.6
2026-01-27 15:47:35.138 [cefctrl] INFO: [client] Listen Port is 9695
done. (cefroute)
2026-01-27 15:47:35.144 [cefctrl] INFO: [client] Config directory is ./h6
2026-01-27 15:47:35.144 [cefctrl] INFO: [client] Local Socket Name is /tmp/cef_9695.6
2026-01-27 15:47:35.144 [cefctrl] INFO: [client] Listen Port is 9695
done. (cefroute)
2026-01-27 15:47:35.151 [cefctrl] INFO: [client] Config directory is ./h6
2026-01-27 15:47:35.151 [cefctrl] INFO: [client] Local Socket Name is /tmp/cef_9695.6
2026-01-27 15:47:35.151 [cefctrl] INFO: [client] Listen Port is 9695
done. (cefroute)
2026-01-27 15:47:35.157 [cefctrl] INFO: [client] Config directory is ./h6
2026-01-27 15:47:35.157 [cefctrl] INFO: [client] Local Socket Name is /tmp/cef_9695.6
2026-01-27 15:47:35.157 [cefctrl] INFO: [client] Listen Port is 9695
done. (cefroute)
2026-01-27 15:47:35.162 [cefctrl] INFO: [client] Config directory is ./h6
2026-01-27 15:47:35.163 [cefctrl] INFO: [client] Local Socket Name is /tmp/cef_9695.6
2026-01-27 15:47:35.163 [cefctrl] INFO: [client] Listen Port is 9695
done. (cefroute)
2026-01-27 15:47:35.169 [cefctrl] INFO: [client] Config directory is ./h6
2026-01-27 15:47:35.169 [cefctrl] INFO: [client] Local Socket Name is /tmp/cef_9695.6
2026-01-27 15:47:35.169 [cefctrl] INFO: [client] Listen Port is 9695
done. (cefroute)
2026-01-27 15:47:35.174 [cefctrl] INFO: [client] Config directory is ./h6
2026-01-27 15:47:35.175 [cefctrl] INFO: [client] Local Socket Name is /tmp/cef_9695.6
2026-01-27 15:47:35.175 [cefctrl] INFO: [client] Listen Port is 9695
done. (cefroute)
2026-01-27 15:47:35.180 [cefctrl] INFO: [client] Config directory is ./h6
2026-01-27 15:47:35.181 [cefctrl] INFO: [client] Local Socket Name is /tmp/cef_9695.6
2026-01-27 15:47:35.181 [cefctrl] INFO: [client] Listen Port is 9695
done. (cefroute)
2026-01-27 15:47:35.186 [cefctrl] INFO: [client] Config directory is ./h6
2026-01-27 15:47:35.186 [cefctrl] INFO: [client] Local Socket Name is /tmp/cef_9695.6
2026-01-27 15:47:35.186 [cefctrl] INFO: [client] Listen Port is 9695
done. (cefroute)
2026-01-27 15:47:35.192 [cefctrl] INFO: [client] Config directory is ./h6
2026-01-27 15:47:35.192 [cefctrl] INFO: [client] Local Socket Name is /tmp/cef_9695.6
2026-01-27 15:47:35.192 [cefctrl] INFO: [client] Listen Port is 9695
done. (cefroute)
2026-01-27 15:47:35.198 [cefctrl] INFO: [client] Config directory is ./h6
2026-01-27 15:47:35.198 [cefctrl] INFO: [client] Local Socket Name is /tmp/cef_9695.6
2026-01-27 15:47:35.198 [cefctrl] INFO: [client] Listen Port is 9695
done. (cefroute)
2026-01-27 15:47:35.205 [cefctrl] INFO: [client] Config directory is ./h6
2026-01-27 15:47:35.205 [cefctrl] INFO: [client] Local Socket Name is /tmp/cef_9695.6
2026-01-27 15:47:35.205 [cefctrl] INFO: [client] Listen Port is 9695
done. (cefroute)
2026-01-27 15:47:35.212 [cefctrl] INFO: [client] Config directory is ./h6
2026-01-27 15:47:35.212 [cefctrl] INFO: [client] Local Socket Name is /tmp/cef_9695.6
2026-01-27 15:47:35.212 [cefctrl] INFO: [client] Listen Port is 9695
done. (cefroute)
2026-01-27 15:47:35.217 [cefctrl] INFO: [client] Config directory is ./h6
2026-01-27 15:47:35.218 [cefctrl] INFO: [client] Local Socket Name is /tmp/cef_9695.6
2026-01-27 15:47:35.218 [cefctrl] INFO: [client] Listen Port is 9695
done. (cefroute)
2026-01-27 15:47:35.224 [cefctrl] INFO: [client] Config directory is ./h6
2026-01-27 15:47:35.224 [cefctrl] INFO: [client] Local Socket Name is /tmp/cef_9695.6
2026-01-27 15:47:35.224 [cefctrl] INFO: [client] Listen Port is 9695
done. (cefroute)
2026-01-27 15:47:35.229 [cefctrl] INFO: [client] Config directory is ./h6
2026-01-27 15:47:35.230 [cefctrl] INFO: [client] Local Socket Name is /tmp/cef_9695.6
2026-01-27 15:47:35.230 [cefctrl] INFO: [client] Listen Port is 9695
done. (cefroute)
2026-01-27 15:47:35.235 [cefctrl] INFO: [client] Config directory is ./h6
2026-01-27 15:47:35.235 [cefctrl] INFO: [client] Local Socket Name is /tmp/cef_9695.6
2026-01-27 15:47:35.235 [cefctrl] INFO: [client] Listen Port is 9695
done. (cefroute)
2026-01-27 15:47:35.241 [cefctrl] INFO: [client] Config directory is ./h6
2026-01-27 15:47:35.242 [cefctrl] INFO: [client] Local Socket Name is /tmp/cef_9695.6
2026-01-27 15:47:35.242 [cefctrl] INFO: [client] Listen Port is 9695
done. (cefroute)
2026-01-27 15:47:35.247 [cefctrl] INFO: [client] Config directory is ./h6
2026-01-27 15:47:35.247 [cefctrl] INFO: [client] Local Socket Name is /tmp/cef_9695.6
2026-01-27 15:47:35.247 [cefctrl] INFO: [client] Listen Port is 9695
done. (cefroute)
2026-01-27 15:47:35.254 [cefctrl] INFO: [client] Config directory is ./h6
2026-01-27 15:47:35.254 [cefctrl] INFO: [client] Local Socket Name is /tmp/cef_9695.6
2026-01-27 15:47:35.254 [cefctrl] INFO: [client] Listen Port is 9695
done. (cefroute)
2026-01-27 15:47:35.260 [cefctrl] INFO: [client] Config directory is ./h6
2026-01-27 15:47:35.260 [cefctrl] INFO: [client] Local Socket Name is /tmp/cef_9695.6
2026-01-27 15:47:35.260 [cefctrl] INFO: [client] Listen Port is 9695
done. (cefroute)
2026-01-27 15:47:35.266 [cefctrl] INFO: [client] Config directory is ./h7
2026-01-27 15:47:35.266 [cefctrl] INFO: [client] Local Socket Name is /tmp/cef_9695.7
2026-01-27 15:47:35.266 [cefctrl] INFO: [client] Listen Port is 9695
done. (cefroute)
2026-01-27 15:47:35.272 [cefctrl] INFO: [client] Config directory is ./h7
2026-01-27 15:47:35.272 [cefctrl] INFO: [client] Local Socket Name is /tmp/cef_9695.7
2026-01-27 15:47:35.272 [cefctrl] INFO: [client] Listen Port is 9695
done. (cefroute)
2026-01-27 15:47:35.277 [cefctrl] INFO: [client] Config directory is ./h7
2026-01-27 15:47:35.277 [cefctrl] INFO: [client] Local Socket Name is /tmp/cef_9695.7
2026-01-27 15:47:35.277 [cefctrl] INFO: [client] Listen Port is 9695
done. (cefroute)
2026-01-27 15:47:35.283 [cefctrl] INFO: [client] Config directory is ./h7
2026-01-27 15:47:35.283 [cefctrl] INFO: [client] Local Socket Name is /tmp/cef_9695.7
2026-01-27 15:47:35.283 [cefctrl] INFO: [client] Listen Port is 9695
done. (cefroute)
2026-01-27 15:47:35.290 [cefctrl] INFO: [client] Config directory is ./h7
2026-01-27 15:47:35.290 [cefctrl] INFO: [client] Local Socket Name is /tmp/cef_9695.7
2026-01-27 15:47:35.290 [cefctrl] INFO: [client] Listen Port is 9695
done. (cefroute)
2026-01-27 15:47:35.297 [cefctrl] INFO: [client] Config directory is ./h7
2026-01-27 15:47:35.297 [cefctrl] INFO: [client] Local Socket Name is /tmp/cef_9695.7
2026-01-27 15:47:35.297 [cefctrl] INFO: [client] Listen Port is 9695
done. (cefroute)
cefroute add ccnx:/test/example1 udp 192.168.7.2 -d ./h3
h3 command: cefroute add ccnx:/test/example1 udp 192.168.12.5 -d ./h3
h3 command: cefroute add ccnx:/test/example1 udp 192.168.6.6 -d ./h3
h3 command: cefroute add ccnx:/test/example1 udp 192.168.2.3 -d ./h3
h3 command: cefroute add ccnx:/test/example2 udp 192.168.7.2 -d ./h3
h3 command: cefroute add ccnx:/test/example2 udp 192.168.2.3 -d ./h3
h3 command: cefroute add ccnx:/test/example2 udp 192.168.12.5 -d ./h3
h3 command: cefroute add ccnx:/test/example2 udp 192.168.6.6 -d ./h3
h3 command: cefroute add ccnx:/test/example3 udp 192.168.2.3 -d ./h3
h3 command: cefroute add ccnx:/test/example3 udp 192.168.7.2 -d ./h3
h3 command: cefroute add ccnx:/test/example3 udp 192.168.12.5 -d ./h3
h3 command: cefroute add ccnx:/test/example3 udp 192.168.13.8 -d ./h3
h3 command: cefroute add ccnx:/test/example5 udp 192.168.12.5 -d ./h3
h3 command: cefroute add ccnx:/test/example5 udp 192.168.7.2 -d ./h3
h3 command: cefroute add ccnx:/test/example5 udp 192.168.2.3 -d ./h3
h3 command: cefroute add ccnx:/test/example5 udp 192.168.13.8 -d ./h3
h3 command: cefroute add ccnx:/test/example6 udp 192.168.6.6 -d ./h3
h3 command: cefroute add ccnx:/test/example6 udp 192.168.7.2 -d ./h3
h3 command: cefroute add ccnx:/test/example6 udp 192.168.13.8 -d ./h3
h3 command: cefroute add ccnx:/test/example6 udp 192.168.2.3 -d ./h3
h3 command: cefroute add ccnx:/test/example7 udp 192.168.7.2 -d ./h3
h3 command: cefroute add ccnx:/test/example7 udp 192.168.2.3 -d ./h3
h3 command: cefroute add ccnx:/test/example7 udp 192.168.12.5 -d ./h3
h3 command: cefroute add ccnx:/test/example7 udp 192.168.6.6 -d ./h3
h3 command: cefroute add ccnx:/test/example8 udp 192.168.13.8 -d ./h3
h3 command: cefroute add ccnx:/test/example8 udp 192.168.2.3 -d ./h3
h3 command: cefroute add ccnx:/test/example8 udp 192.168.12.5 -d ./h3
h3 command: cefroute add ccnx:/test/example8 udp 192.168.6.6 -d ./h3
h4 command: cefroute add ccnx:/test/example1 udp 192.168.15.1 -d ./h4
h4 command: cefroute add ccnx:/test/example1 udp 192.168.4.2 -d ./h4
h4 command: cefroute add ccnx:/test/example1 udp 192.168.16.7 -d ./h4
h4 command: cefroute add ccnx:/test/example1 udp 192.168.19.3 -d ./h4
h4 command: cefroute add ccnx:/test/example2 udp 192.168.4.2 -d ./h4
h4 command: cefroute add ccnx:/test/example2 udp 192.168.15.1 -d ./h4
h4 command: cefroute add ccnx:/test/example2 udp 192.168.19.3 -d ./h4
h4 command: cefroute add ccnx:/test/example2 udp 192.168.12.4 -d ./h4
h4 command: cefroute add ccnx:/test/example3 udp 192.168.19.3 -d ./h4
h4 command: cefroute add ccnx:/test/example3 udp 192.168.4.2 -d ./h4
h4 command: cefroute add ccnx:/test/example3 udp 192.168.12.4 -d ./h4
h4 command: cefroute add ccnx:/test/example3 udp 192.168.16.7 -d ./h4
h4 command: cefroute add ccnx:/test/example4 udp 192.168.12.4 -d ./h4
h4 command: cefroute add ccnx:/test/example4 udp 192.168.4.2 -d ./h4
h4 command: cefroute add ccnx:/test/example4 udp 192.168.19.3 -d ./h4
h4 command: cefroute add ccnx:/test/example4 udp 192.168.8.8 -d ./h4
h4 command: cefroute add ccnx:/test/example6 udp 192.168.15.1 -d ./h4
h4 command: cefroute add ccnx:/test/example6 udp 192.168.4.2 -d ./h4
h4 command: cefroute add ccnx:/test/example6 udp 192.168.12.4 -d ./h4
h4 command: cefroute add ccnx:/test/example6 udp 192.168.16.7 -d ./h4
h4 command: cefroute add ccnx:/test/example7 udp 192.168.16.7 -d ./h4
h4 command: cefroute add ccnx:/test/example7 udp 192.168.15.1 -d ./h4
h4 command: cefroute add ccnx:/test/example7 udp 192.168.4.2 -d ./h4
h4 command: cefroute add ccnx:/test/example7 udp 192.168.19.3 -d ./h4
h4 command: cefroute add ccnx:/test/example8 udp 192.168.8.8 -d ./h4
h4 command: cefroute add ccnx:/test/example8 udp 192.168.19.3 -d ./h4
h4 command: cefroute add ccnx:/test/example8 udp 192.168.12.4 -d ./h4
h4 command: cefroute add ccnx:/test/example8 udp 192.168.15.1 -d ./h4
h5 command: cefroute add ccnx:/test/example1 udp 192.168.11.1 -d ./h5
h5 command: cefroute add ccnx:/test/example1 udp 192.168.5.2 -d ./h5
h5 command: cefroute add ccnx:/test/example1 udp 192.168.17.7 -d ./h5
h5 command: cefroute add ccnx:/test/example1 udp 192.168.6.4 -d ./h5
h5 command: cefroute add ccnx:/test/example2 udp 192.168.5.2 -d ./h5
h5 command: cefroute add ccnx:/test/example2 udp 192.168.11.1 -d ./h5
h5 command: cefroute add ccnx:/test/example2 udp 192.168.6.4 -d ./h5
h5 command: cefroute add ccnx:/test/example2 udp 192.168.17.7 -d ./h5
h5 command: cefroute add ccnx:/test/example3 udp 192.168.5.2 -d ./h5
h5 command: cefroute add ccnx:/test/example3 udp 192.168.6.4 -d ./h5
h5 command: cefroute add ccnx:/test/example3 udp 192.168.17.7 -d ./h5
h5 command: cefroute add ccnx:/test/example3 udp 192.168.1.8 -d ./h5
h5 command: cefroute add ccnx:/test/example4 udp 192.168.6.4 -d ./h5
h5 command: cefroute add ccnx:/test/example4 udp 192.168.5.2 -d ./h5
h5 command: cefroute add ccnx:/test/example4 udp 192.168.1.8 -d ./h5
h5 command: cefroute add ccnx:/test/example4 udp 192.168.11.1 -d ./h5
h5 command: cefroute add ccnx:/test/example5 udp 192.168.11.1 -d ./h5
h5 command: cefroute add ccnx:/test/example5 udp 192.168.5.2 -d ./h5
h5 command: cefroute add ccnx:/test/example5 udp 192.168.6.4 -d ./h5
h5 command: cefroute add ccnx:/test/example5 udp 192.168.17.7 -d ./h5
h5 command: cefroute add ccnx:/test/example7 udp 192.168.17.7 -d ./h5
h5 command: cefroute add ccnx:/test/example7 udp 192.168.11.1 -d ./h5
h5 command: cefroute add ccnx:/test/example7 udp 192.168.5.2 -d ./h5
h5 command: cefroute add ccnx:/test/example7 udp 192.168.6.4 -d ./h5
h5 command: cefroute add ccnx:/test/example8 udp 192.168.1.8 -d ./h5
h5 command: cefroute add ccnx:/test/example8 udp 192.168.6.4 -d ./h5
h5 command: cefroute add ccnx:/test/example8 udp 192.168.11.1 -d ./h5
h5 command: cefroute add ccnx:/test/example8 udp 192.168.5.2 -d ./h5
h6 command: cefroute add ccnx:/test/example1 udp 192.168.3.1 -d ./h6
h6 command: cefroute add ccnx:/test/example1 udp 192.168.9.2 -d ./h6
h6 command: cefroute add ccnx:/test/example1 udp 192.168.16.5 -d ./h6
h6 command: cefroute add ccnx:/test/example1 udp 192.168.17.6 -d ./h6
h6 command: cefroute add ccnx:/test/example2 udp 192.168.9.2 -d ./h6
h6 command: cefroute add ccnx:/test/example2 udp 192.168.3.1 -d ./h6
h6 command: cefroute add ccnx:/test/example2 udp 192.168.10.3 -d ./h6
h6 command: cefroute add ccnx:/test/example2 udp 192.168.16.5 -d ./h6
h6 command: cefroute add ccnx:/test/example3 udp 192.168.10.3 -d ./h6
h6 command: cefroute add ccnx:/test/example3 udp 192.168.9.2 -d ./h6
h6 command: cefroute add ccnx:/test/example3 udp 192.168.16.5 -d ./h6
h6 command: cefroute add ccnx:/test/example3 udp 192.168.3.1 -d ./h6
h6 command: cefroute add ccnx:/test/example4 udp 192.168.9.2 -d ./h6
h6 command: cefroute add ccnx:/test/example4 udp 192.168.10.3 -d ./h6
h6 command: cefroute add ccnx:/test/example4 udp 192.168.16.5 -d ./h6
h6 command: cefroute add ccnx:/test/example4 udp 192.168.17.6 -d ./h6
h6 command: cefroute add ccnx:/test/example5 udp 192.168.16.5 -d ./h6
h6 command: cefroute add ccnx:/test/example5 udp 192.168.3.1 -d ./h6
h6 command: cefroute add ccnx:/test/example5 udp 192.168.9.2 -d ./h6
h6 command: cefroute add ccnx:/test/example5 udp 192.168.10.3 -d ./h6
h6 command: cefroute add ccnx:/test/example6 udp 192.168.17.6 -d ./h6
h6 command: cefroute add ccnx:/test/example6 udp 192.168.3.1 -d ./h6
h6 command: cefroute add ccnx:/test/example6 udp 192.168.9.2 -d ./h6
h6 command: cefroute add ccnx:/test/example6 udp 192.168.10.3 -d ./h6
h6 command: cefroute add ccnx:/test/example8 udp 192.168.10.3 -d ./h6
h6 command: cefroute add ccnx:/test/example8 udp 192.168.16.5 -d ./h6
h6 command: cefroute add ccnx:/test/example8 udp 192.168.17.6 -d ./h6
h6 command: cefroute add ccnx:/test/example8 udp 192.168.3.1 -d ./h6
h7 command: cefroute add ccnx:/test/example1 udp 192.168.8.5 -d ./h7
h7 command: cefroute add ccnx:/test/example1 udp 192.168.1.6 -d ./h7
h7 command: cefroute add ccnx:/test/example1 udp 192.168.20.3 -d ./h7
h7 command: cefroute add ccnx:/test/example1 udp 192.168.13.4 -d ./h7
h7 command: cefroute add ccnx:/test/example2 udp 192.168.20.3 -d ./h7
h7 command: cefroute add ccnx:/test/example2 udp 192.168.13.4 -d ./h7
2026-01-27 15:47:35.304 [cefctrl] INFO: [client] Config directory is ./h7
2026-01-27 15:47:35.304 [cefctrl] INFO: [client] Local Socket Name is /tmp/cef_9695.7
2026-01-27 15:47:35.304 [cefctrl] INFO: [client] Listen Port is 9695
done. (cefroute)
2026-01-27 15:47:35.311 [cefctrl] INFO: [client] Config directory is ./h7
2026-01-27 15:47:35.311 [cefctrl] INFO: [client] Local Socket Name is /tmp/cef_9695.7
2026-01-27 15:47:35.311 [cefctrl] INFO: [client] Listen Port is 9695
done. (cefroute)
2026-01-27 15:47:35.317 [cefctrl] INFO: [client] Config directory is ./h7
2026-01-27 15:47:35.318 [cefctrl] INFO: [client] Local Socket Name is /tmp/cef_9695.7
2026-01-27 15:47:35.318 [cefctrl] INFO: [client] Listen Port is 9695
done. (cefroute)
2026-01-27 15:47:35.324 [cefctrl] INFO: [client] Config directory is ./h7
2026-01-27 15:47:35.324 [cefctrl] INFO: [client] Local Socket Name is /tmp/cef_9695.7
2026-01-27 15:47:35.324 [cefctrl] INFO: [client] Listen Port is 9695
done. (cefroute)
2026-01-27 15:47:35.331 [cefctrl] INFO: [client] Config directory is ./h7
2026-01-27 15:47:35.331 [cefctrl] INFO: [client] Local Socket Name is /tmp/cef_9695.7
2026-01-27 15:47:35.331 [cefctrl] INFO: [client] Listen Port is 9695
done. (cefroute)
2026-01-27 15:47:35.338 [cefctrl] INFO: [client] Config directory is ./h7
2026-01-27 15:47:35.338 [cefctrl] INFO: [client] Local Socket Name is /tmp/cef_9695.7
2026-01-27 15:47:35.338 [cefctrl] INFO: [client] Listen Port is 9695
done. (cefroute)
2026-01-27 15:47:35.344 [cefctrl] INFO: [client] Config directory is ./h7
2026-01-27 15:47:35.344 [cefctrl] INFO: [client] Local Socket Name is /tmp/cef_9695.7
2026-01-27 15:47:35.344 [cefctrl] INFO: [client] Listen Port is 9695
done. (cefroute)
2026-01-27 15:47:35.351 [cefctrl] INFO: [client] Config directory is ./h7
2026-01-27 15:47:35.351 [cefctrl] INFO: [client] Local Socket Name is /tmp/cef_9695.7
2026-01-27 15:47:35.351 [cefctrl] INFO: [client] Listen Port is 9695
done. (cefroute)
2026-01-27 15:47:35.358 [cefctrl] INFO: [client] Config directory is ./h7
2026-01-27 15:47:35.358 [cefctrl] INFO: [client] Local Socket Name is /tmp/cef_9695.7
2026-01-27 15:47:35.358 [cefctrl] INFO: [client] Listen Port is 9695
done. (cefroute)
2026-01-27 15:47:35.365 [cefctrl] INFO: [client] Config directory is ./h7
2026-01-27 15:47:35.365 [cefctrl] INFO: [client] Local Socket Name is /tmp/cef_9695.7
2026-01-27 15:47:35.365 [cefctrl] INFO: [client] Listen Port is 9695
done. (cefroute)
2026-01-27 15:47:35.371 [cefctrl] INFO: [client] Config directory is ./h7
2026-01-27 15:47:35.371 [cefctrl] INFO: [client] Local Socket Name is /tmp/cef_9695.7
2026-01-27 15:47:35.371 [cefctrl] INFO: [client] Listen Port is 9695
done. (cefroute)
2026-01-27 15:47:35.378 [cefctrl] INFO: [client] Config directory is ./h7
2026-01-27 15:47:35.378 [cefctrl] INFO: [client] Local Socket Name is /tmp/cef_9695.7
2026-01-27 15:47:35.378 [cefctrl] INFO: [client] Listen Port is 9695
done. (cefroute)
2026-01-27 15:47:35.385 [cefctrl] INFO: [client] Config directory is ./h7
2026-01-27 15:47:35.385 [cefctrl] INFO: [client] Local Socket Name is /tmp/cef_9695.7
2026-01-27 15:47:35.385 [cefctrl] INFO: [client] Listen Port is 9695
done. (cefroute)
2026-01-27 15:47:35.391 [cefctrl] INFO: [client] Config directory is ./h7
2026-01-27 15:47:35.391 [cefctrl] INFO: [client] Local Socket Name is /tmp/cef_9695.7
2026-01-27 15:47:35.391 [cefctrl] INFO: [client] Listen Port is 9695
done. (cefroute)
2026-01-27 15:47:35.398 [cefctrl] INFO: [client] Config directory is ./h7
2026-01-27 15:47:35.398 [cefctrl] INFO: [client] Local Socket Name is /tmp/cef_9695.7
2026-01-27 15:47:35.398 [cefctrl] INFO: [client] Listen Port is 9695
done. (cefroute)
2026-01-27 15:47:35.405 [cefctrl] INFO: [client] Config directory is ./h7
2026-01-27 15:47:35.405 [cefctrl] INFO: [client] Local Socket Name is /tmp/cef_9695.7
2026-01-27 15:47:35.405 [cefctrl] INFO: [client] Listen Port is 9695
done. (cefroute)
2026-01-27 15:47:35.412 [cefctrl] INFO: [client] Config directory is ./h7
2026-01-27 15:47:35.412 [cefctrl] INFO: [client] Local Socket Name is /tmp/cef_9695.7
2026-01-27 15:47:35.412 [cefctrl] INFO: [client] Listen Port is 9695
done. (cefroute)
2026-01-27 15:47:35.418 [cefctrl] INFO: [client] Config directory is ./h7
2026-01-27 15:47:35.418 [cefctrl] INFO: [client] Local Socket Name is /tmp/cef_9695.7
2026-01-27 15:47:35.418 [cefctrl] INFO: [client] Listen Port is 9695
done. (cefroute)
2026-01-27 15:47:35.425 [cefctrl] INFO: [client] Config directory is ./h7
2026-01-27 15:47:35.425 [cefctrl] INFO: [client] Local Socket Name is /tmp/cef_9695.7
2026-01-27 15:47:35.425 [cefctrl] INFO: [client] Listen Port is 9695
done. (cefroute)
2026-01-27 15:47:35.432 [cefctrl] INFO: [client] Config directory is ./h7
2026-01-27 15:47:35.432 [cefctrl] INFO: [client] Local Socket Name is /tmp/cef_9695.7
2026-01-27 15:47:35.432 [cefctrl] INFO: [client] Listen Port is 9695
done. (cefroute)
2026-01-27 15:47:35.439 [cefctrl] INFO: [client] Config directory is ./h7
2026-01-27 15:47:35.439 [cefctrl] INFO: [client] Local Socket Name is /tmp/cef_9695.7
2026-01-27 15:47:35.439 [cefctrl] INFO: [client] Listen Port is 9695
done. (cefroute)
2026-01-27 15:47:35.445 [cefctrl] INFO: [client] Config directory is ./h7
2026-01-27 15:47:35.445 [cefctrl] INFO: [client] Local Socket Name is /tmp/cef_9695.7
2026-01-27 15:47:35.445 [cefctrl] INFO: [client] Listen Port is 9695
done. (cefroute)

FIB status per host:
2026-01-27 15:47:35.452 [cefctrl] INFO: [client] Config directory is ./h0
2026-01-27 15:47:35.452 [cefctrl] INFO: [client] Local Socket Name is /tmp/cef_9695.0
2026-01-27 15:47:35.452 [cefctrl] INFO: [client] Listen Port is 9695
2026-01-27 15:47:35.452 [cefctrl] ERROR: cef_client_connect (connect:No such file or directory)
[cef_ctrl] ERROR: Failed to connect to cefnetd.
2026-01-27 15:47:35.458 [cefctrl] INFO: [client] Config directory is ./h1
2026-01-27 15:47:35.458 [cefctrl] INFO: [client] Local Socket Name is /tmp/cef_9695.1
2026-01-27 15:47:35.458 [cefctrl] INFO: [client] Listen Port is 9695
CCNx Version     : 1
Port             : 9695
Rx Interest      : 0 (RGL[0], SYM[0], SEL[0])
Tx Interest      : 0 (RGL[0], SYM[0], SEL[0])
Rx ContentObject : 0
Tx ContentObject : 0
Cache Mode       : Excache
FWD Strategy     : flooding
Interest Return  : Disabled
Faces : 12
  faceid =  36 : address = 192.168.4.5:9695 (udp)
  faceid =   4 : IPv4 Listen face (udp)
  faceid =  34 : address = 192.168.14.1:9695 (udp)
  faceid =  40 : address = 192.168.9.7:9695 (udp)
  faceid =  67 : Local face
  faceid =   5 : IPv6 Listen face (udp)
  faceid =   0 : Local face
  faceid =   6 : IPv4 Listen face (tcp)
  faceid =  44 : address = 192.168.7.4:9695 (udp)
  faceid =   7 : IPv6 Listen face (tcp)
  faceid =  38 : address = 192.168.5.6:9695 (udp)
  faceid =  42 : address = 192.168.18.3:9695 (udp)
FIB(App) :
  Entry is empty
FIB : 7
  ccnx:/test/example1
    Faces : 34 (-s-) RtCost=0 
            36 (-s-) RtCost=0 
            38 (-s-) RtCost=0 
            40 (-s-) RtCost=0 
  ccnx:/test/example7
    Faces : 40 (-s-) RtCost=0 
            34 (-s-) RtCost=0 
            42 (-s-) RtCost=0 
            36 (-s-) RtCost=0 
  ccnx:/test/example5
    Faces : 36 (-s-) RtCost=0 
            34 (-s-) RtCost=0 
            42 (-s-) RtCost=0 
            44 (-s-) RtCost=0 
  ccnx:/test/example4
    Faces : 44 (-s-) RtCost=0 
            42 (-s-) RtCost=0 
            36 (-s-) RtCost=0 
            38 (-s-) RtCost=0 
  ccnx:/test/example8
    Faces : 42 (-s-) RtCost=0 
            44 (-s-) RtCost=0 
            36 (-s-) RtCost=0 
            38 (-s-) RtCost=0 
  ccnx:/test/example6
    Faces : 38 (-s-) RtCost=0 
            34 (-s-) RtCost=0 
            44 (-s-) RtCost=0 
            40 (-s-) RtCost=0 
  ccnx:/test/example3
    Faces : 42 (-s-) RtCost=0 
            44 (-s-) RtCost=0 
            36 (-s-) RtCost=0 
            40 (-s-) RtCost=0 
PIT(App) :
  Entry is empty
PIT :
  Entry is empty
2026-01-27 15:47:35.675 [cefctrl] INFO: [client] Config directory is ./h2
2026-01-27 15:47:35.675 [cefctrl] INFO: [client] Local Socket Name is /tmp/cef_9695.2
2026-01-27 15:47:35.675 [cefctrl] INFO: [client] Listen Port is 9695
CCNx Version     : 1
Port             : 9695
Rx Interest      : 0 (RGL[0], SYM[0], SEL[0])
Tx Interest      : 0 (RGL[0], SYM[0], SEL[0])
Rx ContentObject : 0
Tx ContentObject : 0
Cache Mode       : Localcache
FWD Strategy     : flooding
Interest Return  : Disabled
Faces : 11
  faceid =   4 : IPv4 Listen face (udp)
  faceid =  34 : address = 192.168.18.2:9695 (udp)
  faceid =   0 : Local face
  faceid =   5 : IPv6 Listen face (udp)
  faceid =  66 : Local face
  faceid =  36 : address = 192.168.19.5:9695 (udp)
  faceid =  40 : address = 192.168.2.4:9695 (udp)
  faceid =  38 : address = 192.168.10.7:9695 (udp)
  faceid =   6 : IPv4 Listen face (tcp)
  faceid =  49 : address = 192.168.20.8:9695 (udp)
  faceid =   7 : IPv6 Listen face (tcp)
FIB(App) :
  Entry is empty
FIB : 7
  ccnx:/test/example1
    Faces : 34 (-s-) RtCost=0 
            36 (-s-) RtCost=0 
            38 (-s-) RtCost=0 
            40 (-s-) RtCost=0 
  ccnx:/test/example7
    Faces : 38 (-s-) RtCost=0 
            34 (-s-) RtCost=0 
            36 (-s-) RtCost=0 
            40 (-s-) RtCost=0 
  ccnx:/test/example2
    Faces : 34 (-s-) RtCost=0 
            40 (-s-) RtCost=0 
            36 (-s-) RtCost=0 
            38 (-s-) RtCost=0 
  ccnx:/test/example5
    Faces : 36 (-s-) RtCost=0 
            34 (-s-) RtCost=0 
            40 (-s-) RtCost=0 
            38 (-s-) RtCost=0 
  ccnx:/test/example4
    Faces : 40 (-s-) RtCost=0 
            34 (-s-) RtCost=0 
            36 (-s-) RtCost=0 
            49 (-s-) RtCost=0 
  ccnx:/test/example8
    Faces : 49 (-s-) RtCost=0 
            40 (-s-) RtCost=0 
            36 (-s-) RtCost=0 
            34 (-s-) RtCost=0 
  ccnx:/test/example6
    Faces : 34 (-s-) RtCost=0 
            40 (-s-) RtCost=0 
            38 (-s-) RtCost=0 
            49 (-s-) RtCost=0 
PIT(App) :
  Entry is empty
PIT :
  Entry is empty
2026-01-27 15:47:35.891 [cefctrl] INFO: [client] Config directory is ./h3
2026-01-27 15:47:35.892 [cefctrl] INFO: [client] Local Socket Name is /tmp/cef_9695.3
2026-01-27 15:47:35.892 [cefctrl] INFO: [client] Listen Port is 9695
CCNx Version     : 1
Port             : 9695
Rx Interest      : 0 (RGL[0], SYM[0], SEL[0])
Tx Interest      : 0 (RGL[0], SYM[0], SEL[0])
Rx ContentObject : 0
Tx ContentObject : 0
Cache Mode       : Excache
FWD Strategy     : flooding
Interest Return  : Disabled
Faces : 11
  faceid =  34 : address = 192.168.7.2:9695 (udp)
  faceid =   4 : IPv4 Listen face (udp)
  faceid =  38 : address = 192.168.6.6:9695 (udp)
  faceid =  66 : Local face
  faceid =   5 : IPv6 Listen face (udp)
  faceid =  40 : address = 192.168.2.3:9695 (udp)
  faceid =  36 : address = 192.168.12.5:9695 (udp)
  faceid =   0 : Local face
  faceid =  49 : address = 192.168.13.8:9695 (udp)
  faceid =   6 : IPv4 Listen face (tcp)
  faceid =   7 : IPv6 Listen face (tcp)
FIB(App) :
  Entry is empty
FIB : 7
  ccnx:/test/example1
    Faces : 34 (-s-) RtCost=0 
            36 (-s-) RtCost=0 
            38 (-s-) RtCost=0 
            40 (-s-) RtCost=0 
  ccnx:/test/example7
    Faces : 34 (-s-) RtCost=0 
            40 (-s-) RtCost=0 
            36 (-s-) RtCost=0 
            38 (-s-) RtCost=0 
  ccnx:/test/example2
    Faces : 34 (-s-) RtCost=0 
            40 (-s-) RtCost=0 
            36 (-s-) RtCost=0 
            38 (-s-) RtCost=0 
  ccnx:/test/example5
    Faces : 36 (-s-) RtCost=0 
            34 (-s-) RtCost=0 
            40 (-s-) RtCost=0 
            49 (-s-) RtCost=0 
  ccnx:/test/example8
    Faces : 49 (-s-) RtCost=0 
            40 (-s-) RtCost=0 
            36 (-s-) RtCost=0 
            38 (-s-) RtCost=0 
  ccnx:/test/example6
    Faces : 38 (-s-) RtCost=0 
            34 (-s-) RtCost=0 
            49 (-s-) RtCost=0 
            40 (-s-) RtCost=0 
  ccnx:/test/example3
    Faces : 40 (-s-) RtCost=0 
            34 (-s-) RtCost=0 
            36 (-s-) RtCost=0 
            49 (-s-) RtCost=0 
PIT(App) :
  Entry is empty
PIT :
  Entry is empty
2026-01-27 15:47:36.109 [cefctrl] INFO: [client] Config directory is ./h4
2026-01-27 15:47:36.109 [cefctrl] INFO: [client] Local Socket Name is /tmp/cef_9695.4
2026-01-27 15:47:36.109 [cefctrl] INFO: [client] Listen Port is 9695
CCNx Version     : 1
Port             : 9695
Rx Interest      : 0 (RGL[0], SYM[0], SEL[0])
Tx Interest      : 0 (RGL[0], SYM[0], SEL[0])
Rx ContentObject : 0
Tx ContentObject : 0
Cache Mode       : Localcache
FWD Strategy     : flooding
Interest Return  : Disabled
Faces : 12
  faceid =  45 : address = 192.168.12.4:9695 (udp)
  faceid =  38 : address = 192.168.16.7:9695 (udp)
  faceid =  54 : address = 192.168.8.8:9695 (udp)
  faceid =   0 : Local face
  faceid =   4 : IPv4 Listen face (udp)
  faceid =  34 : address = 192.168.15.1:9695 (udp)
  faceid =   5 : IPv6 Listen face (udp)
  faceid =  67 : Local face
  faceid =  36 : address = 192.168.4.2:9695 (udp)
  faceid =   6 : IPv4 Listen face (tcp)
  faceid =   7 : IPv6 Listen face (tcp)
  faceid =  40 : address = 192.168.19.3:9695 (udp)
FIB(App) :
  Entry is empty
FIB : 7
  ccnx:/test/example1
    Faces : 34 (-s-) RtCost=0 
            36 (-s-) RtCost=0 
            38 (-s-) RtCost=0 
            40 (-s-) RtCost=0 
  ccnx:/test/example7
    Faces : 38 (-s-) RtCost=0 
            34 (-s-) RtCost=0 
            36 (-s-) RtCost=0 
            40 (-s-) RtCost=0 
  ccnx:/test/example2
    Faces : 36 (-s-) RtCost=0 
            34 (-s-) RtCost=0 
            40 (-s-) RtCost=0 
            45 (-s-) RtCost=0 
  ccnx:/test/example4
    Faces : 45 (-s-) RtCost=0 
            36 (-s-) RtCost=0 
            40 (-s-) RtCost=0 
            54 (-s-) RtCost=0 
  ccnx:/test/example8
    Faces : 54 (-s-) RtCost=0 
            40 (-s-) RtCost=0 
            45 (-s-) RtCost=0 
            34 (-s-) RtCost=0 
  ccnx:/test/example6
    Faces : 34 (-s-) RtCost=0 
            36 (-s-) RtCost=0 
            45 (-s-) RtCost=0 
            38 (-s-) RtCost=0 
  ccnx:/test/example3
    Faces : 40 (-s-) RtCost=0 
            36 (-s-) RtCost=0 
            45 (-s-) RtCost=0 
            38 (-s-) RtCost=0 
PIT(App) :
  Entry is empty
PIT :
  Entry is empty
2026-01-27 15:47:36.325 [cefctrl] INFO: [client] Config directory is ./h5
2026-01-27 15:47:36.325 [cefctrl] INFO: [client] Local Socket Name is /tmp/cef_9695.5
2026-01-27 15:47:36.325 [cefctrl] INFO: [client] Listen Port is 9695
CCNx Version     : 1
Port             : 9695
Rx Interest      : 0 (RGL[0], SYM[0], SEL[0])
Tx Interest      : 0 (RGL[0], SYM[0], SEL[0])
Rx ContentObject : 0
Tx ContentObject : 0
Cache Mode       : Excache
FWD Strategy     : flooding
Interest Return  : Disabled
Faces : 11
  faceid =   4 : IPv4 Listen face (udp)
  faceid =   0 : Local face
  faceid =  66 : Local face
  faceid =   5 : IPv6 Listen face (udp)
  faceid =  34 : address = 192.168.11.1:9695 (udp)
  faceid =  38 : address = 192.168.17.7:9695 (udp)
  faceid =  36 : address = 192.168.5.2:9695 (udp)
  faceid =   6 : IPv4 Listen face (tcp)
  faceid =  40 : address = 192.168.6.4:9695 (udp)
  faceid =  49 : address = 192.168.1.8:9695 (udp)
  faceid =   7 : IPv6 Listen face (tcp)
FIB(App) :
  Entry is empty
FIB : 7
  ccnx:/test/example1
    Faces : 34 (-s-) RtCost=0 
            36 (-s-) RtCost=0 
            38 (-s-) RtCost=0 
            40 (-s-) RtCost=0 
  ccnx:/test/example7
    Faces : 38 (-s-) RtCost=0 
            34 (-s-) RtCost=0 
            36 (-s-) RtCost=0 
            40 (-s-) RtCost=0 
  ccnx:/test/example2
    Faces : 36 (-s-) RtCost=0 
            34 (-s-) RtCost=0 
            40 (-s-) RtCost=0 
            38 (-s-) RtCost=0 
  ccnx:/test/example5
    Faces : 34 (-s-) RtCost=0 
            36 (-s-) RtCost=0 
            40 (-s-) RtCost=0 
            38 (-s-) RtCost=0 
  ccnx:/test/example4
    Faces : 40 (-s-) RtCost=0 
            36 (-s-) RtCost=0 
            49 (-s-) RtCost=0 
            34 (-s-) RtCost=0 
  ccnx:/test/example8
    Faces : 49 (-s-) RtCost=0 
            40 (-s-) RtCost=0 
            34 (-s-) RtCost=0 
            36 (-s-) RtCost=0 
  ccnx:/test/example3
    Faces : 36 (-s-) RtCost=0 
            40 (-s-) RtCost=0 
            38 (-s-) RtCost=0 
            49 (-s-) RtCost=0 
PIT(App) :
  Entry is empty
PIT :
  Entry is empty
2026-01-27 15:47:36.542 [cefctrl] INFO: [client] Config directory is ./h6
2026-01-27 15:47:36.542 [cefctrl] INFO: [client] Local Socket Name is /tmp/cef_9695.6
2026-01-27 15:47:36.542 [cefctrl] INFO: [client] Listen Port is 9695
CCNx Version     : 1
Port             : 9695
Rx Interest      : 0 (RGL[0], SYM[0], SEL[0])
Tx Interest      : 0 (RGL[0], SYM[0], SEL[0])
Rx ContentObject : 0
Tx ContentObject : 0
Cache Mode       : Localcache
FWD Strategy     : flooding
Interest Return  : Disabled
Faces : 11
  faceid =   4 : IPv4 Listen face (udp)
  faceid =   0 : Local face
  faceid =   5 : IPv6 Listen face (udp)
  faceid =  66 : Local face
  faceid =  38 : address = 192.168.16.5:9695 (udp)
  faceid =  36 : address = 192.168.9.2:9695 (udp)
  faceid =  40 : address = 192.168.17.6:9695 (udp)
  faceid =  44 : address = 192.168.10.3:9695 (udp)
  faceid =   6 : IPv4 Listen face (tcp)
  faceid =  34 : address = 192.168.3.1:9695 (udp)
  faceid =   7 : IPv6 Listen face (tcp)
FIB(App) :
  Entry is empty
FIB : 7
  ccnx:/test/example1
    Faces : 34 (-s-) RtCost=0 
            36 (-s-) RtCost=0 
            38 (-s-) RtCost=0 
            40 (-s-) RtCost=0 
  ccnx:/test/example2
    Faces : 36 (-s-) RtCost=0 
            34 (-s-) RtCost=0 
            44 (-s-) RtCost=0 
            38 (-s-) RtCost=0 
  ccnx:/test/example5
    Faces : 38 (-s-) RtCost=0 
            34 (-s-) RtCost=0 
            36 (-s-) RtCost=0 
            44 (-s-) RtCost=0 
  ccnx:/test/example4
    Faces : 36 (-s-) RtCost=0 
            44 (-s-) RtCost=0 
            38 (-s-) RtCost=0 
            40 (-s-) RtCost=0 
  ccnx:/test/example8
    Faces : 44 (-s-) RtCost=0 
            38 (-s-) RtCost=0 
            40 (-s-) RtCost=0 
            34 (-s-) RtCost=0 
  ccnx:/test/example6
    Faces : 40 (-s-) RtCost=0 
            34 (-s-) RtCost=0 
            36 (-s-) RtCost=0 
            44 (-s-) RtCost=0 
  ccnx:/test/example3
    Faces : 44 (-s-) RtCost=0 
            36 (-s-) RtCost=0 
            38 (-s-) RtCost=0 
            34 (-s-) RtCost=0 
PIT(App) :
  Entry is empty
PIT :
  Entry is empty
2026-01-27 15:47:36.758 [cefctrl] INFO: [client] Config directory is ./h7
2026-01-27 15:47:36.758 [cefctrl] INFO: [client] Local Socket Name is /tmp/cef_9695.7
2026-01-27 15:47:36.758 [cefctrl] INFO: [client] Listen Port is 9695
CCNx Version     : 1
Port             : 9695
Rx Interest      : 0 (RGL[0], SYM[0], SEL[0])
Tx Interest      : 0 (RGL[0], SYM[0], SEL[0])
Rx ContentObject : 0
Tx ContentObject : 0
Cache Mode       : Excache
FWD Strategy     : flooding
Interest Return  : Disabled
Faces : 10
  faceid =   4 : IPv4 Listen face (udp)
  faceid =  38 : address = 192.168.20.3:9695 (udp)
  faceid =  65 : Local face
  faceid =   0 : Local face
  faceid =   5 : IPv6 Listen face (udp)
  faceid =  36 : address = 192.168.1.6:9695 (udp)
  faceid =  34 : address = 192.168.8.5:9695 (udp)
  faceid =  40 : address = 192.168.13.4:9695 (udp)
  faceid =   6 : IPv4 Listen face (tcp)
  faceid =   7 : IPv6 Listen face (tcp)
FIB(App) :
  Entry is empty
FIB : 7
  ccnx:/test/example1
    Faces : 34 (-s-) RtCost=0 
            36 (-s-) RtCost=0 
            38 (-s-) RtCost=0 
            40 (-s-) RtCost=0 
  ccnx:/test/example7
    Faces : 38 (-s-) RtCost=0 
            34 (-s-) RtCost=0 
            36 (-s-) RtCost=0 
            40 (-s-) RtCost=0 
  ccnx:/test/example2
    Faces : 38 (-s-) RtCost=0 
            40 (-s-) RtCost=0 
            34 (-s-) RtCost=0 
            36 (-s-) RtCost=0 
  ccnx:/test/example5
    Faces : 34 (-s-) RtCost=0 
            38 (-s-) RtCost=0 
            40 (-s-) RtCost=0 
            36 (-s-) RtCost=0 
  ccnx:/test/example4
    Faces : 40 (-s-) RtCost=0 
            38 (-s-) RtCost=0 
            34 (-s-) RtCost=0 
            36 (-s-) RtCost=0 
  ccnx:/test/example6
    Faces : 36 (-s-) RtCost=0 
            40 (-s-) RtCost=0 
            38 (-s-) RtCost=0 
            34 (-s-) RtCost=0 
  ccnx:/test/example3
    Faces : 38 (-s-) RtCost=0 
            40 (-s-) RtCost=0 
            34 (-s-) RtCost=0 
            36 (-s-) RtCost=0 
PIT(App) :
  Entry is empty
PIT :
  Entry is empty

Mesh topology (per-host tree view):
h0
|-- h1 (via s13)
|   |-- h2 (via s17)
|   `-- h3 (via s6)
|-- h4 (via s14)
|   `-- h7 (via s7)
|-- h5 (via s10)
`-- h6 (via s2)

h1
|-- h0 (via s13)
|-- h2 (via s17)
|   `-- h7 (via s19)
|-- h3 (via s6)
|-- h4 (via s3)
|-- h5 (via s4)
`-- h6 (via s8)

h2
|-- h1 (via s17)
|   |-- h0 (via s13)
|   `-- h5 (via s4)
|-- h3 (via s1)
|-- h4 (via s18)
|-- h6 (via s9)
`-- h7 (via s19)

h3
|-- h1 (via s6)
|   |-- h0 (via s13)
|   `-- h6 (via s8)
|-- h2 (via s1)
|-- h4 (via s11)
|-- h5 (via s5)
`-- h7 (via s12)

h4
|-- h0 (via s14)
|   `-- h5 (via s10)
|-- h1 (via s3)
|-- h2 (via s18)
|-- h3 (via s11)
|-- h6 (via s15)
`-- h7 (via s7)

h5
|-- h0 (via s10)
|   `-- h4 (via s14)
|-- h1 (via s4)
|   `-- h2 (via s17)
|-- h3 (via s5)
|-- h6 (via s16)
`-- h7 (via s0)

h6
|-- h0 (via s2)
|-- h1 (via s8)
|   `-- h3 (via s6)
|-- h2 (via s9)
|   `-- h7 (via s19)
|-- h4 (via s15)
`-- h5 (via s16)

h7
|-- h2 (via s19)
|   |-- h1 (via s17)
|   `-- h6 (via s9)
|-- h3 (via s12)
|-- h4 (via s7)
|   `-- h0 (via s14)
`-- h5 (via s0)

cache nodes: h0, h2, h1, h3

[flap] down h4

[flap] down h1

[flap] up h4

[flap] down h5

[flap] up h1

[flap] up h5

[flap] down h1

[flap] down h6

[flap] up h1
Exception in thread Thread-5:
Traceback (most recent call last):
  File "/usr/lib/python3.12/threading.py", line 1073, in _bootstrap_inner
    self.run()
  File "/usr/lib/python3.12/threading.py", line 1431, in run
    self.function(*self.args, **self.kwargs)
  File "/home/yamakawa/Development/github/cefore-emu-koh11235813/mesh-disaster-topology.py", line 63, in do_up
    set_node_links_state(net, host_name, "up")
  File "/home/yamakawa/Development/github/cefore-emu-koh11235813/mesh-disaster-topology.py", line 39, in set_node_links_state
    net.configLinkStatus(node.name, link.intf2.node.name, state)
  File "/usr/local/lib/python3.12/dist-packages/mininet/net.py", line 929, in configLinkStatus
    result = srcIntf.ifconfig( status )
             ^^^^^^^^^^^^^^^^^^^^^^^^^^
  File "/usr/local/lib/python3.12/dist-packages/mininet/link.py", line 74, in ifconfig
    return self.cmd( 'ifconfig', self.name, *args )
           ^^^^^^^^^^^^^^^^^^^^^^^^^^^^^^^^^^^^^^^^
  File "/usr/local/lib/python3.12/dist-packages/mininet/link.py", line 70, in cmd
    return self.node.cmd( *args, **kwargs )
           ^^^^^^^^^^^^^^^^^^^^^^^^^^^^^^^^
  File "/usr/local/lib/python3.12/dist-packages/mininet/node.py", line 386, in cmd
    self.sendCmd( *args, **kwargs )
  File "/usr/local/lib/python3.12/dist-packages/mininet/node.py", line 303, in sendCmd
    assert self.shell and not self.waiting
           ^^^^^^^^^^^^^^^^^^^^^^^^^^^^^^^
AssertionError

[flap] down h2
hosts[ 0 ]: cefnetdstop -F -d ./h0 
hosts[ 1 ]: cefnetdstop -F -d ./h1 
hosts[ 2 ]: cefnetdstop -F -d ./h2 
hosts[ 3 ]: cefnetdstop -F -d ./h3 
hosts[ 4 ]: cefnetdstop -F -d ./h4 
hosts[ 5 ]: cefnetdstop -F -d ./h5 
hosts[ 6 ]: cefnetdstop -F -d ./h6 
hosts[ 7 ]: cefnetdstop -F -d ./h7 
hosts[ 1 ]: csmgrdstop -d ./h1 
hosts[ 3 ]: csmgrdstop -d ./h3 
hosts[ 5 ]: csmgrdstop -d ./h5 
hosts[ 7 ]: csmgrdstop -d ./h7 
*** Stopping 1 controllers
c0 
*** Stopping 40 links
........................................
*** Stopping 20 switches
s0 s1 s2 s3 s4 s5 s6 s7 s8 s9 s10 s11 s12 s13 s14 s15 s16 s17 s18 s19 
*** Stopping 8 hosts
h0 h1 h2 h3 h4 h5 h6 h7 
*** Done
h7 command: cefroute add ccnx:/test/example2 udp 192.168.8.5 -d ./h7
h7 command: cefroute add ccnx:/test/example2 udp 192.168.1.6 -d ./h7
h7 command: cefroute add ccnx:/test/example3 udp 192.168.20.3 -d ./h7
h7 command: cefroute add ccnx:/test/example3 udp 192.168.13.4 -d ./h7
h7 command: cefroute add ccnx:/test/example3 udp 192.168.8.5 -d ./h7
h7 command: cefroute add ccnx:/test/example3 udp 192.168.1.6 -d ./h7
h7 command: cefroute add ccnx:/test/example4 udp 192.168.13.4 -d ./h7
h7 command: cefroute add ccnx:/test/example4 udp 192.168.20.3 -d ./h7
h7 command: cefroute add ccnx:/test/example4 udp 192.168.8.5 -d ./h7
h7 command: cefroute add ccnx:/test/example4 udp 192.168.1.6 -d ./h7
h7 command: cefroute add ccnx:/test/example5 udp 192.168.8.5 -d ./h7
h7 command: cefroute add ccnx:/test/example5 udp 192.168.20.3 -d ./h7
h7 command: cefroute add ccnx:/test/example5 udp 192.168.13.4 -d ./h7
h7 command: cefroute add ccnx:/test/example5 udp 192.168.1.6 -d ./h7
h7 command: cefroute add ccnx:/test/example6 udp 192.168.1.6 -d ./h7
h7 command: cefroute add ccnx:/test/example6 udp 192.168.13.4 -d ./h7
h7 command: cefroute add ccnx:/test/example6 udp 192.168.20.3 -d ./h7
h7 command: cefroute add ccnx:/test/example6 udp 192.168.8.5 -d ./h7
h7 command: cefroute add ccnx:/test/example7 udp 192.168.20.3 -d ./h7
h7 command: cefroute add ccnx:/test/example7 udp 192.168.8.5 -d ./h7
h7 command: cefroute add ccnx:/test/example7 udp 192.168.1.6 -d ./h7
h7 command: cefroute add ccnx:/test/example7 udp 192.168.13.4 -d ./h7
h0 command: cefstatus -d ./h0
h1 command: cefstatus -d ./h1
h2 command: cefstatus -d ./h2
h3 command: cefstatus -d ./h3
h4 command: cefstatus -d ./h4
h5 command: cefstatus -d ./h5
h6 command: cefstatus -d ./h6
h7 command: cefstatus -d ./h7
h7 command: cefputfile ccnx:/test/example8/test.py -f ./sample-putfile -t 3000 -e 3000 -d ./h7 > cefputfile_8_20_9_20_15_none.log
h1 command: cefgetfile ccnx:/test/example8/test.py -f ./recvfile_at_h1 -d ./h1 > cefgetfile_8_20_9_20_15_4_h1.log
h5 command: cefgetfile ccnx:/test/example8/test.py -f ./recvfile_at_h5 -d ./h5 > cefgetfile_8_20_9_20_15_1_h5.log
h6 command: cefgetfile ccnx:/test/example8/test.py -f ./recvfile_at_h6 -d ./h6 > cefgetfile_8_20_9_20_15_5_h6.log
h3 command: cefgetfile ccnx:/test/example8/test.py -f ./recvfile_at_h3 -d ./h3 > cefgetfile_8_20_9_20_15_5_h3.log
h1 command: cefgetfile ccnx:/test/example8/test.py -f ./recvfile_at_h1 -d ./h1 > cefgetfile_8_20_9_20_15_6_h1.log
